key,ra,dec,tyc,hip,gaia_dr1,gaia_dr2
*26Gem,100.601342490316,17.6453203905195,1334-2419-1,32104,,3359404435457443456
*39Peg,338.14783721007,20.230020613262,1704-805-1,111278,1873642752320874624,1873642756615512320
*51Eri,69.4005512991946,-2.47354967414889,4739-1551-1,21547,,3205095125321700480
*61Vir,199.601311304266,-18.3111976190453,6116-1517-1,64924,,3507879565090229888
*84CetB,40.3074291666667,-0.694994444444444,4699-1214-2,,,
*111Tau,81.1060957388926,17.3835358558134,1300-2225-1,25278,,3400292798990117888
*betPic,86.82121658261,-51.0665035714408,8099-1392-1,27321,,4792774797545105664
*bet01Tuc,7.8861288024561,-62.9582185385798,8844-1519-1,2484,,4900927434176620160
*epsEri,53.2326880116021,-9.45825874386333,5296-1533-1,16537,,5164707970261630080
*etaCha,130.331310101139,-78.9633617552751,9403-1986-1,42637,,5209038595468151168
*etaCrv,188.017609007506,-16.1959945961219,6103-2394-1,61174,,3526420114272476800
*gLup,235.297412189673,-44.6612093522195,7849-3219-1,76829,,5989102478619519616
*gamDor,64.0066176296629,-51.4866441842472,8075-1796-1,19893,,4781833626056162688
*rhoTel,286.583148746368,-52.3409133369495,8386-2339-1,93815,,6656769472772280320
*tauCet,26.0170480153508,-15.9374818835411,5855-2292-1,8102,,2452378776434276992
*zetDor,76.3777340759685,-57.4727024810564,8514-2291-1,23693,,4763906879239461632
*zetHor,40.1650560084963,-54.5499109597141,8491-1600-1,12484,,4741336551221258112
BD+012447,157.231463754305,0.8410005049271,246-1068-1,51317,,3855208897392952192
BD+05378,40.3578675449125,5.9884430010626,53-30-1,12545,,18211043587721088
BD+071919,121.78788577707,7.38338618055554,,39721,,
BD+093000A,226.8872875,9.22604722222222,919-1659-1,,,
BD+172140,147.419361462709,16.370529010999,1411-690-1,48205,,619893286962005632
BD-136424,353.128589709656,-12.264295986075,5832-666-1,,2433191881917182208,2433191886212246784
BD-146241,334.002644956667,-14.1839616571132,5809-749-1,109941,2599963744033343872,2599963748329209984
BD-211074,76.708,-21.5858888888889,,,,
CD-2816938,312.449864788437,-28.4692052995772,6934-569-1,102817,,6795611300001195904
CD-352722,92.3300344360975,-35.8252952450119,7084-794-1,,2885863396053210496,2885863400349980288
CD-431846,81.5956995236168,-43.3767442888997,7607-1062-1,25434,4805713433767868416,4805713438064155008
CD-5012781,300.647297299667,-50.0477156623281,8399-2187-1,98681,,6667319389917674112
CD-519202,233.152933297653,-52.3557691908326,8307-34-1,76107,5888717887323346176,5888717891685279488
CD-547336,262.479489304956,-54.2635132487156,8728-2262-1,,5924485962642066048,5924485966955008896
CD-571054,75.196375051798,-57.2570703810868,8513-572-1,23309,4764027958661044352,4764027962957023104
CD-691055,194.606598455691,-70.4803191236694,9245-617-1,,5844573354457228928,5844573358774024320
CD-86147,351.955836152687,-86.2218631479204,9529-340-1,,6343381201126964096,6343381205422761984
CPD-552452B,145.668756995503,-55.8316246740647,8589-1882-2,,,5307856820759450880
CPD-579635B,303.735796854133,-56.9747249701217,8785-1322-1,,,6468703708258513024
CPD-722713,340.703892480531,-71.7058884398416,9340-437-1,,6382640328948202752,6382640367603744128
G150-52,209.317238722625,23.3623216130321,2006-629-1,68160,1251629405076244992,1251629409372044032
GJ285,116.16738595248,3.5524660639781,183-2190-1,37766,,3136952686035250688
GJ1144,169.09227671107,-14.6933763281128,5514-1135-1,55066,3561574967051518080,3561574971346845440
GJ1284,352.555993522777,-20.390957923025,6409-635-1,116003,,2391670474561181440
HD105,1.4689371973776,-41.7530683378903,7526-1226-1,490,4995853010350414976,4995853014646189696
HD377,2.1072733739216,6.6168022729561,7-632-1,682,2745647969564478720,2745647973856851712
HD984,3.5427211345951,-7.199115062514,4670-773-1,1134,2431157716685689728,2431157720981843200
HD987,3.4708774478434,-74.6882920135363,9140-1231-1,1113,4688292532592267264,4688292536884945536
HD1237,4.05282489182945,-79.8511785159118,9354-780-1,1292,,
HD1466,4.6088480113408,-63.4774948005543,8843-1330-1,1481,4901229039663980800,4901229043960053248
HD4944,12.6012900599344,-64.0677814645318,8845-234-1,3924,4709691502765285248,4709691507061406464
HD7112,17.4858684038924,-64.3592103871713,8852-401-1,5462,4709120409554140416,4709120413849952256
HD8077,19.7733590391387,-53.8505312410068,8474-500-1,6165,4914402632073741696,4914402636370132352
HD10472,25.1002750695639,-60.9990621490585,8850-1713-1,7805,4715896424837945216,4715896429133940352
HD10647,25.6221453427162,-53.7408308792417,8475-527-1,7978,4912580638228584832,4912580642524184960
HD10800,24.4814748644792,-82.9749909213502,9490-1295-1,7601,,4618008180223988352
HD12039,29.4540735599589,-21.9014842566697,5858-364-1,9141,5135093341825812480,5135093346121603712
HD13246,31.8588551028421,-59.6794288620998,8489-565-1,9902,4714764477617543040,4714764481913306496
HD14228,34.1274541605522,-51.5121636825482,8055-1270-1,10602,,4936685751335824896
HD15115,36.5676907120362,6.2925522180206,45-990-1,11360,2517397842491320448,2517397846786452224
HD15279,36.466996280345,-52.9644863871824,8484-490-1,11337,,4744897869383363840
HD16699A,39.6845291666667,-52.9508472222222,8484-1256-1,,,
HD16743,39.7815117320346,-52.9348056014594,8484-1443-1,12361,4742097271532723712,4742097275828451584
HD17051,40.6394441666667,-50.8002933333333,8056-1164-1,12653,4745373128987792640,
HD17390,41.6879338652591,-21.6395226762393,5869-923-1,12964,5125921628145939712,5125921632440161408
HD17848,42.2561967803583,-62.8065238891271,8862-243-1,13141,4721400202089666304,4721400206385912960
HD20631,49.6714575471881,-18.5597919437539,,15411,,
HD21997,52.9735285052999,-25.614149004528,6449-1320-1,16449,5084963308180605952,5084963312478488960
HD24071,57.1478243364163,-37.6220010770675,7570-1586-1,,,4856719713756946176
HD24224,57.1970988010822,-53.1823050245451,8500-1002-1,17820,4732872850011486592,4732872854307697664
HD25457,60.6531047681552,-0.2689218240574,4725-1276-1,18859,,3256786534197166208
HD25570,60.9858421667324,8.1972660082313,659-1274-1,18975,,3298631404130765568
HD26923,63.8700020651158,6.1868610824161,80-874-1,19859,,3285218186904332288
HD26980,63.5940474562895,-38.3171035007444,7578-414-1,19775,4844618209607056512,4844618213903654784
HD29697,70.3285639326502,20.9015133196549,1279-1854-1,21818,3411339622378394624,3411339626673664000
HD30447,71.7063699673396,-26.3024585297409,6468-1650-1,22226,4881312589117657600,4881312593414911616
HD31392,73.5175359453081,-35.4045176093738,7052-853-1,22787,4824866891963046016,4824866896260056448
HD32297,75.6143157382336,7.4610228710818,110-424-1,23451,3289902686258004480,3289902690554574464
HD32309,75.3565882005462,-20.0519181606191,5908-1410-1,23362,,2975145496872778496
HD32372,75.2161135276564,-41.0185339803366,7590-918-1,23316,4813691215261332608,4813691219557127808
HD35841,81.6524455294162,-22.4899259886289,5927-250-1,,2958833619101297792,2958833623399371392
HD35996,81.600072460345,-43.3757534481871,7607-44-1,25436,4805713433766930560,4805713433766930560
HD37478,84.8216318918999,10.2598569552777,,26604,,
HD37484,84.4151127564463,-28.6262933119834,6501-47-1,26453,2907308167761659392,2907308172059100544
HD40781,89.8057998066739,-38.7105314245906,7598-894-1,28333,2883616406602015744,2883616410899442432
HD43976,93.9119810932641,-57.7015516162018,8542-149-1,29724,5494935906730038656,5494935911023714944
HD44748,95.4885531906956,-34.5121527963439,7081-1428-1,30261,2891441355980628992,2891441360276890112
HD45270,95.6289216759119,-60.2186509050622,8894-491-1,30314,5481848419822114560,5481848424118748672
HD50554,103.678442636338,24.2455580535981,1894-1961-1,33212,3380479079767139840,3380479015342121600
HD50571,102.504229166667,-60.2491447222222,8895-1455-1,32775,5480006188089954560,
HD51797,104.098118959526,-46.7819682805479,8118-871-1,,5557658681406326784,5557658685702796544
HD53143,104.998564418979,-61.3361804749317,8908-1355-1,33690,5479222236299064832,5479222240596469632
HD55279,105.127036619342,-79.6961078635325,9388-1112-1,33737,5208216946747136256,5208216951043609216
HD59704,112.380895971556,-38.1226630748192,7643-382-1,36414,5586184411076316032,5586184415378097792
HD59967,112.677132201492,-37.3393622780998,7117-281-1,36515,5586381086218304640,5586381090520538880
HD61005,113.947760109484,-32.2039007223835,7109-2638-1,36948,5592237634911815424,5592237639209047424
HD62237,115.610731696812,-16.2834387053383,5980-3122-1,,3028733490291405824,3028733494594360320
HD63608,116.570670358984,-59.8094984918965,8564-2183-1,37923,5294069563423410048,5294069567720884480
HD70573,125.708136853653,1.85932061800972,197-37-1,,3090083696499829376,3090083696499829376
HD72687,128.314079987582,-29.9565885905098,6582-2150-1,41967,5643811086797924992,5643811086797924992
HD82943,143.711396786852,-12.1295453619731,5469-1000-1,47007,5691782332443566208,5691782130578684544
HD83946,144.725434583836,-64.9907599701221,8949-116-1,47351,,5249282164160875136
HD84075,144.074265084185,-78.3448852003694,9400-1713-1,47135,5202978907712577536,5202978912010221952
HD88742,153.353038337672,-33.0317204196158,7187-126-1,50075,5459060113624502784,5459060117921483008
HD90712,156.949070738711,-34.3994802520481,7192-1463-1,51228,5447414601857709568,5447414606155987200
HD90905,157.425958502447,1.4911221088211,246-828-1,51386,,3855524182352238336
HD99827,171.323918840956,-84.9545400476622,,55746,,
HD102458,176.852265257274,-49.8841716821854,8223-566-1,57524,5369414456709280512,5369414461016305408
HD103234,178.283368444032,-56.7272493710172,8639-2192-1,57950,5343610327559918848,5343610331876174336
HD104467,180.412964580503,-78.9880305324895,9420-1420-1,,5788345704200012800,5788345708499360256
HD106444,183.711345447304,-55.7898684987892,8637-2611-1,59716,,6075548419252906368
HD107146,184.777092592262,16.5482974204636,1445-2267-1,60074,3946438121633562112,3946438125929224320
HD107722,185.871011659195,-77.6809515132007,9416-555-1,,5788750461919104256,5788750466217278592
HD108611,187.259384213477,-64.9168458856683,8983-30-1,60913,5861209412059805952,5861209416444946816
HD109908,189.704563095793,-51.2155948436692,8244-3022-1,61698,,6078933334507398784
HD113853,196.746319811564,-37.7444868733569,7773-617-1,64011,,6142458099830621696
HD114613,198.01327091485,-37.8030250355337,7774-1925-1,64408,,
HD115383,199.193816496625,9.42415527793527,891-624-1,64792,,
HD122973,211.294543488696,-9.0485064288956,5554-617-1,68805,,3615871020189864832
HD125283,214.849500726243,-37.0029053480197,7294-2472-1,69995,,6117782859888638464
HD125485,215.9129368111,-72.8082187274514,9252-1080-1,70351,5797410009340952320,5797410013646957312
HD126246B,216.022882495552,11.2493040203054,912-1575-1,,,1177532908459199872
HD129181,220.681533082986,-48.799625881232,8287-575-1,71933,5905397135116341504,5905397139423601792
HD129679,221.070090729317,-11.6173479027842,5573-276-1,72053,,6324078763400314240
HD130943,223.942171092982,-73.1666155945562,9270-1659-1,73052,5793819176163644416,5793819146109422848
HD131435,223.728344017734,-41.3647787994135,7828-227-1,72986,,6101125121284959360
HD132173,224.627172310648,-28.7095335362261,6760-1145-1,73269,,6224299285781594624
HD133295,226.137834151272,-28.3001743995385,6773-189-1,73754,,6224560144909475840
HD135271,228.808114852142,-30.9778285405529,7312-1001-1,74651,,6211098377370816256
HD141569,237.490618643276,-3.9212066730838,5026-42-1,77542,4399438149227783168,4399438153527026176
HD142415,239.419966247189,-60.2002563248756,9023-815-1,78169,5833117714604337280,5833117718964892928
HD145229,242.36094847578,11.5744577352072,953-221-1,79165,4456798777495993344,4456798781792997888
HD146610,244.660678053347,-38.653279496531,7852-51-1,79908,,5997293771501339648
HD147513,246.005377487607,-39.1929818364547,7853-621-1,80337,,6018047019138644480
HD150554,250.235165533346,21.9481451631306,1532-975-1,81662,4564397466426171648,4564397470723536512
HD151798,252.52151555607,-12.387460637253,5637-61-1,82388,4333742707425286912,4333742711723764224
HD152555,253.533931507466,-4.340183445046,5059-975-1,82688,4377537458152423424,4377537462448122112
HD154734,256.739606580656,6.8008288246247,410-1667-1,83747,4394679050585578624,4394679054883342080
HD157587,261.217666472029,-18.8592191767617,6242-451-1,85224,4122561570663585408,4122561575010929152
HD160305,265.454326608827,-50.7244561933446,8355-1885-1,86598,,5946515438335508864
HD161012,266.702048178475,-59.1041134889343,8754-666-1,87013,5918084709028254848,5918084713324881280
HD164249,270.764214627289,-51.6490102458401,,88399,,
HD170773,278.253819197412,-39.8920218582652,7906-1047-1,90936,,6723753061177741312
HD175726,284.154884324923,4.265128561571,457-453-1,92984,4281201410420247424,4281201414717499520
HD176383,285.369465791945,-34.3765469452738,7417-1424-1,93412,,6731752867256886144
HD181327,290.745597671817,-54.5380499086378,8765-638-1,95270,,6643589352010758400
HD181869,290.971566653908,-40.6159405670061,7935-2139-1,95347,,6713727061308648704
HD182681,291.735344985941,-29.7432256837513,6888-2982-1,95619,,6758468487246533248
HD183216,292.419046602246,-30.7977592702237,7424-2828-1,95849,,6746284390882038656
HD185181,294.714797097565,-25.8719382223698,6893-1497-1,96635,,6767000667417725952
HD188228,300.148147621141,-72.9105047166651,9315-1893-1,98495,,6368016725516227840
HD190081,301.152392159209,-35.2141961339562,7448-1215-1,98864,,6698557855293487616
HD191089,302.27173261989,-26.224033483268,6909-1892-1,99273,6847146780087983360,6847146784384459648
HD193924,306.411904365199,-56.7350897263169,8785-1898-1,100751,,
HD195627,308.89520546069,-60.5817528740388,9100-1712-1,101612,,6454999399628150016
HD195830,308.695756683036,-33.9219662329052,7464-1205-1,101551,,6791823654241058944
HD199260,314.1972098696,-26.2963803888357,6931-1018-1,103389,,6802426038708609536
HD202917,320.208156438911,-53.0342104544279,8806-401-1,105388,6463782431652157184,6463782435948431616
HD205674,324.33796458339,-18.4411803148055,6366-1251-1,106741,,6831554747427433728
HD205905,324.79229601043,-27.3065738961848,6948-961-1,106913,,6810896745007524736
HD206893,326.341273338682,-12.7833522405264,5796-1161-1,107412,,6843672087120107264
HD207129,327.065629447277,-47.3036166969644,8437-31-1,107649,,6564091190988411520
HD209100,330.840225956242,-56.7859825050536,8817-984-1,108870,,6412595290592307840
HD209253,330.637352831194,-32.133745925652,7489-1456-1,108809,,6612887104710588928
HD209952,332.058269696091,-46.9609743819195,8438-1959-1,109268,,
HD214867,340.439474257043,-39.4616440759606,8004-464-1,112052,,6545899152629823616
HD217343,345.08036372737,-26.1537519057393,6974-459-1,113579,2382711653818308224,2382711653818308224
HD221853,353.900635346851,8.3826179913888,1169-1374-1,116431,2758229578039477248,2758229582334976512
HD298936,153.311551666122,-52.515000222894,8599-697-1,,5356713413789909632,5356713413789909632
HIP159,0.5109053371773,-2.7661714038548,4666-98-1,159,2448569651542907392,2448569690198755840
HIP795,2.46520178203791,8.4531691973369,,795,,
HIP1427,4.4582584540259,16.3310134640823,1179-669-1,1427,,2793413885704410112
HIP1803,5.7157847162196,-12.2094367708036,5265-757-1,1803,2423493364726020224,2423493369021649920
HIP2072,6.550835146586,-43.6798318626811,7530-978-1,2072,,4992538055807707776
HIP2472,7.8540916687275,-48.8035210859926,8027-1305-1,2472,,4975414983273644032
HIP2729,8.7133416272849,-61.9161471605665,8841-652-1,2729,4901802503697737984,4901802507993393664
HIP2841,9.003705862855,-59.7172372295243,8472-1357-1,2841,4906761816535027072,4906761820830908032
HIP3203,10.1978448745371,-7.2326047460003,,3203,,
HIP3210,10.2149063648798,-53.2099162169766,8466-1187-1,3210,,4921855946520799232
HIP3277,10.4433224970372,-56.5013153671473,8469-1595-1,3277,4908315529543944064,4908315533840351360
HIP3540,11.2956736485301,0.2532868406129,11-1301-1,3540,,2549045055609126784
HIP4290,13.746959491915,24.1002708532089,1739-1235-1,4290,2804013036061330560,2804011562888218240
HIP5373,17.1904811380853,-25.8611255385441,6425-1723-1,5373,5034700233628455040,5034700237924390016
HIP5743,18.4385618493721,7.5782440730054,613-1248-1,5743,2577061260424130304,2577061260424130304
HIP6276,20.1344502729432,-11.4677023066807,5276-413-1,6276,2470272808484339200,2470272812780609280
HIP6485,20.8385620829264,-57.4807471252331,8477-5-1,6485,4909846496406798976,4909846500703006976
HIP6494,20.8577843197708,-76.6117819152159,9348-60-1,6494,4637584911745657728,4637584916037247488
HIP6856,22.0360873130801,-52.6386520846372,8474-825-1,6856,4916062035639629184,4916062039935185792
HIP6960,22.4005693057602,-21.6293378202643,5854-2047-1,6960,5043493543511861248,5043493547807985664
HIP7345,23.6574117771165,-15.6763605867978,5852-2148-1,7345,,2451838022871837312
HIP7576,24.3977784305249,-6.7604253548158,4687-325-1,7576,2478002890623968128,2477815222028038272
HIP8241,26.5260975495028,-53.5220355295189,8475-1390-1,8241,4912947565873334272,4912947570170211840
HIP8661,27.9015764413139,-2.6378398447239,4686-2423-1,8661,2504554447166816768,2504554451462345600
HIP9892,31.8252508404797,-53.1990367018197,8483-917-1,9892,4743944038749857920,4743944043046490240
HIP10786,34.7218134510336,-69.8868347163071,9144-691-1,10786,4693438178286863744,4693438182582186752
HIP11964,38.5940260150984,-43.7963532646503,7558-585-1,11964,4946938108852568448,4946938113149426944
HIP12394,39.8973393492812,-68.2669484380598,9144-1686-1,12394,4695167125961452288,4695167130257150592
HIP12413,39.9498559999036,-42.891767719057,7558-987-1,12413,,4946915263923114368
HIP12444,40.0517588592931,-9.4528711221292,5285-1109-1,12444,,5173902189571919872
HIP12787,41.0890542634106,10.9614120705907,643-73-1,12787,,22338644598132096
HIP12837,41.2545632028097,-22.16653332216,5869-890-1,12837,5125873661951657088,5125873666245425920
HIP13359,42.9707236821837,-61.6179456533822,8859-718-1,13359,4724849610584158464,4724849614880143360
HIP13847,44.5653300792445,-40.3046793515482,,13847,,5044368071869592832
HIP14007,45.0821490650075,-37.4544911441606,7025-638-1,14007,5045853095465091200,5045853099761604096
HIP14551,46.9618780526412,-27.8311511752894,6444-614-1,14551,5071668528973612032,5071668533270215040
HIP14857,47.9690774825185,-39.0232155097281,7561-638-1,14857,4852609082160352512,4852609086456829696
HIP15039,48.458994646076,-38.8093914819302,7561-793-1,15039,4854070126955502592,4854070131251743744
HIP15353,49.4961494875821,-66.9268514389809,8866-1472-1,15353,4671503814665664896,4671503818961627008
HIP15457,49.8404000201042,3.3701937216289,59-1947-1,15457,,3269362645115584640
HIP16846,54.1970432350055,0.58775908541615,,16846,,
HIP17157,55.1224423726658,-47.9251528290261,8063-295-1,17157,4833306708858124416,4833306713154584704
HIP17338,55.665850184558,-20.5454524321218,5880-75-1,17338,5088895677157608704,5088895681454956672
HIP17395,55.8909727336615,-10.4856557658474,5306-1181-1,17395,,5116018880964324096
HIP17695,56.8472550044897,-1.9722070395246,4717-704-1,17695,,3250328209054347264
HIP17764,57.0477973496483,-74.6941159045571,9159-1624-1,17764,4629074451223637632,4629074455519836032
HIP18512,59.3695788391016,-1.1594643180989,4718-32-1,18512,,3256334497479041024
HIP18714,60.1332715959568,-41.7484478336669,,18714,,
HIP19076,61.3344101515055,22.0089044315514,1262-1646-1,19076,53112939972051968,53112944270520832
HIP19183,61.673055663049,1.6839107335215,73-264-1,19183,3258856085664548608,3258856089957102720
HIP19855,63.8574464626816,6.1996525731135,80-204-1,19855,3285218251327446912,3285218255623808640
HIP19990,64.3152600276999,20.578597003332,1272-1126-1,19990,,49298394834276608
HIP20737,66.6608373088321,-28.9520189401214,6463-1240-1,20737,4891212042059001600,4891212046355683328
HIP21632,69.6830925426751,-27.033834758729,6467-702-1,21632,4891725754507903872,4891725758804030208
HIP21965,70.8216789880083,-23.6284028814407,6465-1786-1,21965,,4895013367291153536
HIP22192,71.6072899712845,-28.0874459669765,6471-474-1,22192,4880808806633950336,4880808810930787200
HIP22295,72.0215704185591,-80.7792394095046,9377-548-1,22295,4622453089122285312,4622453093418397952
HIP22506,72.6476748803118,-41.0474549566766,7589-1186-1,22506,4816691060938561920,4816691065234739328
HIP22738,73.3800350560888,-55.8603102958462,,22738,,
HIP22844,73.7209850031512,-58.547653037831,8516-1311-1,22844,,4762394397915837056
HIP22845,73.7238712846424,10.1508311758669,688-1867-1,22845,,3294429586085336960
HIP23554,75.9719662046401,-24.3881463025203,6477-1294-1,23554,,2960561059245715968
HIP24362,78.405367223362,-32.0671251467642,7048-1701-1,24362,4827392641970757760,4827392646267912064
HIP24947,80.1585346043787,-39.7549428380119,7599-832-1,24947,4819441454915310336,4819441459212276864
HIP25127,80.6780456254068,13.2290722251646,712-2416-1,25127,3389321489714045184,3389321494010977920
HIP25283,81.1257071391423,-38.9696517534358,7595-352-1,25283,4819591916209544320,4819591920506512768
HIP25544,81.9139681466151,-60.415995711059,8879-151-1,25544,4759543291250191232,4759543295545939840
HIP25627,82.1169735234515,-39.370980256025,7595-710-1,25627,4807503266899465984,4807503271195302272
HIP25709,82.3504235579892,-34.5154203529851,7063-1037-1,25709,4822948347252262144,4822948351549058304
HIP25746,82.4589246779154,-47.0763343793889,8090-1485-1,25746,4798709063662120320,4798709067958473216
HIP26395,84.2865509875372,-11.7755146593594,5354-1943-1,26395,3010113295232699264,3010113299530081664
HIP26412,84.3187518937428,-27.8714679700951,6497-768-1,26412,,2907602738096182784
HIP26990,85.8992040239458,-39.9235334588842,7601-95-1,26990,4808165825733273600,4808165830030420352
HIP27134,86.3058400689589,-59.9237829544381,8531-1453-1,27134,4759113210404644608,4759113214700934784
HIP27288,86.7389285889758,-14.8219474804032,5359-1778-1,27288,,2996171698248345984
HIP27371,86.9563248976773,-40.0636699089505,7601-666-1,27371,,4805123721874344576
HIP27441,87.1533850320977,-39.9320187151468,7601-371-1,27441,4805207967655791360,4805207971952984448
HIP28498,90.2306502958719,-54.9513409327949,8525-800-1,28498,5500304409688539392,5500304413985680768
HIP28869,91.425071471631,-61.7485813123354,8893-632-1,28869,5481272928564556160,5481272932860894720
HIP28921,91.5692301799775,-27.905828478138,6500-186-1,28921,2909947992100514816,2909947996398369920
HIP29711,93.8736393243002,-4.9147179847829,4792-2122-1,29711,3020549790883670528,3020549795181489280
HIP30034,94.8038040994631,-58.054312469614,8542-384-1,30034,5495052592399086720,5495052596695570816
HIP30252,95.4585811735164,-51.2377080959858,8114-1488-1,30252,5549230065785487488,5549230070081293824
HIP30344,95.7402940378137,-24.5560364087191,6510-1219-1,30344,2924339465436992384,2924339469735490560
HIP30729,96.8361008211283,-33.1140117923812,7078-307-1,30729,2892003927977910016,2892003932273326208
HIP31167,98.0963712641346,-5.868816717623,4810-2632-1,31167,3103325046312588288,3103325050611099008
HIP31850,99.8811780069186,24.6001638732638,1884-1337-1,31850,3383000534807547008,3383000539103328768
HIP31878,99.9584339078621,-61.4782027677795,8895-225-1,31878,5479782643632182656,5479782647926975360
HIP32075,100.523076342184,-38.003743917493,,32075,,
HIP32235,100.942690939636,-71.9764977784317,9185-714-1,32235,5265670758630806272,5265670762922792960
HIP32349,101.287155333333,-16.7161158611111,,32349,,
HIP32938,102.926755439266,-36.2302708240496,7100-2242-1,32938,,5578901662668400640
HIP33705,105.04071951944,-31.1416855856256,7089-434-1,33705,5607190340206337920,5607190344506642432
HIP34271,106.570008982459,22.6834870593765,1895-9-1,34271,3368214646035589248,3368214650329888512
HIP34782,108.017038759106,-30.8213660201108,7103-2648-1,34782,5605930162441983232,5605930166746409856
HIP35350,109.523249048833,16.5403862573309,,35350,,
HIP35564,110.089265563687,-52.3115228672755,,35564,,
HIP35567,110.095640934466,-56.2946463772678,8559-1994-1,35567,5487374840144321152,5487374844438857728
HIP35884,110.974237633801,-17.4134348809883,5970-2757-1,35884,3027656346853478400,3027656351155128704
HIP36071,111.488405766826,-2.2484673841649,4821-2280-1,36071,3061562742832655616,3061562747131020416
HIP36832,113.616735505499,-52.9681290001692,8552-91-1,36832,,5492357178301867008
HIP37288,114.845994636046,2.183665964552,183-626-1,37288,3135225417687835520,3135225421986581504
HIP37563,115.650258545179,-59.2974275676936,8564-1050-1,37563,5292834399547563520,5292834403845151488
HIP37718,116.052133381974,-50.4567259344382,8142-2481-1,37718,5493209501673364736,5493209501673364736
HIP37727,116.068649690719,-50.4666151359408,8142-2601-1,37727,5493209432953888768,5493209437253410432
HIP37879,116.462224182425,-7.5296545035274,5410-123-1,37879,3043435094626143232,3043435098923887616
HIP38188,117.372167857601,-54.9010661417404,8557-2233-1,38188,5488302518716879360,5488302523016369152
HIP40706,124.638807230903,-36.6592954741933,7134-2967-1,40706,,5541379930719256960
HIP40916,125.251915207189,-52.2279688952303,8161-417-1,40916,5320716330800777984,5320716335102626048
HIP41081,125.729827089304,-52.1237288396008,8161-1768-1,41081,,5322206718812246656
HIP41373,126.605022680331,-52.8074961089022,8567-2364-1,41373,5321368856594220160,5321368860896990720
HIP41889,128.127207934207,15.8239534180831,1392-2634-1,41889,,657903507014610048
HIP42172,128.962405658482,6.6202169253226,222-1709-1,42172,594989344298318336,594989348593414016
HIP42806,130.821445581938,21.4685031647649,1399-2905-1,42806,,664950414475977728
HIP42808,130.825126668911,-38.8823805626667,7675-3469-1,42808,5528866835560139520,5528866839863569024
HIP43290,132.273706717922,-39.954388509688,7679-30-1,43290,5525780368982285952,5525780373285137792
HIP43771,133.738512090409,-24.3942890600095,6576-135-1,43771,5653012624732870528,5653012624732870528
HIP43970,134.312292155406,15.3227694443928,1394-2122-1,43970,610526714908387840,610526719204475136
HIP44001,134.396663617123,15.5812860567872,1394-2121-1,44001,,610549499710989440
HIP44526,136.086225407872,-15.9142494691078,6027-1246-1,44526,5730445318802591104,5730445323098531456
HIP45238,138.299906083102,-69.7172075972155,9200-2603-1,45238,,
HIP45950,140.573816106993,6.2975975390357,234-1815-1,45950,585910986028463744,585910990320157824
HIP46422,141.989947220861,-66.1022994890369,8953-1216-1,46422,5247652030790329984,5247652035090448000
HIP46634,142.645829154136,10.5999507527082,823-1352-1,46634,,589720969909458176
HIP46816,143.106535032968,-11.1846353918718,5464-875-1,46816,5739942006889651584,5739942011185493888
HIP47681,145.834483301961,-29.8040077225206,6614-1105-1,47681,5632522022960701184,5632522783170253440
HIP48273,147.625342197535,4.3436489007987,240-1806-1,48273,3849562729090407296,3849562733385577216
HIP48341,147.808463206742,-4.2433468510938,4899-1904-1,48341,,3822906517079376000
HIP49165,150.501778685318,-34.1735659801416,7177-2007-1,49165,5459488820080196992,5459488824377831552
HIP50191,153.683991343298,-42.1219403277743,7716-3704-1,50191,,5416916936742353280
HIP50534,154.817840723675,-11.3785122430415,5493-1221-1,50534,3767320083967846656,3767319332347773184
HIP50693,155.283160031589,-17.9849557460405,6064-605-1,50693,5669733550891475072,5669733555187365504
HIP51907,159.072447196935,-10.5834045458435,5495-1225-1,51907,3761641656164856320,3761641660460266240
HIP52787,161.879809636768,-22.3480318720414,6081-65-1,52787,3550081875086026496,3550081879381593728
HIP53217,163.268894894303,-20.6282062158691,6082-981-1,53217,,3550762648877966336
HIP53524,164.26259005384,-68.6673463539689,9212-4675-1,53524,5231963958365132672,5231963962676292224
HIP53771,165.034489704932,-51.817801633441,8211-2376-1,53771,5359955048938362112,5359955053246566144
HIP53954,165.582400607782,20.1798437214473,1436-1306-1,53954,,3985219996984723712
HIP54155,166.172801415948,-4.2210880818757,4924-1114-1,54155,,3789271459953459328
HIP54477,167.183295942734,-28.0806521480287,6644-1332-1,54477,,3532027383058513664
HIP55130,169.300029819531,-38.0143658457713,7726-963-1,55130,5397046111628224384,5397046115926029056
HIP55487,170.45766281649,-24.1897673745231,6650-910-1,55487,3534658784964869888,3534658789261176064
HIP55943,171.980516650205,11.0100123036357,859-819-1,55943,3915558646804700288,3915558646804700288
HIP56367,173.319929688892,-3.4022964955106,4933-773-1,56367,3792415818395273088,3792415822690670720
HIP56379,173.356002024218,-70.1947887064225,9229-2446-1,56379,5233604910752167936,5233604915060520576
HIP56445,173.591452600239,3.0601647626383,274-1078-1,56445,,3800758057928927872
HIP57013,175.332464916087,-43.0956644502906,7749-1616-1,57013,,5379417096244434176
HIP57207,175.957436204294,-35.2479961495727,7225-492-1,57207,3464832134378725504,3464832138675486464
HIP57460,176.676475339215,-19.4697641130159,6096-329-1,57460,3543404163014331264,3543404167309462272
HIP57562,176.978733835501,8.2458945459772,864-1210-1,57562,,3911696135471737600
HIP57632,177.26490975591,14.5720580648297,870-988-1,57632,,
HIP58167,178.93144806468,-54.1806907733517,8631-1431-1,58167,5344333496978434688,5344333501282921216
HIP58180,178.987837910721,-77.0084078920162,9415-343-1,58180,5224357124607404544,5224357128908105728
HIP58240,179.176293232679,-32.2681565656641,7222-1584-1,58240,3466924195770080896,3466924200065405184
HIP58241,179.182410000539,-32.2674144568426,7222-1583-1,58241,3466924195770080768,3466924200065405824
HIP58465,179.848897018194,-57.1679860623519,8639-313-1,58465,5343524943605028480,5343524947923387520
HIP58528,180.039192359553,-57.1172209228811,8640-3442-1,58528,,6075374902576831616
HIP58720,180.657052508809,-69.1922869590415,9227-2681-1,58720,,5859187277060333184
HIP59282,182.411606650987,-58.3496551053557,8644-420-1,59282,,6071348491003883136
HIP59315,182.526963818619,-49.1807380265519,8237-230-1,59315,,6129861025173869696
HIP59394,182.765999476934,-23.6024228145312,6668-993-1,59394,,3489853930946424704
HIP59397,182.774462708139,-56.4013558802738,8640-291-1,59397,,6072504073402829056
HIP59413,182.811721993308,-52.2175515182122,8241-164-1,59413,,6125358151409872256
HIP59481,182.995116619681,-50.7701448382884,8242-3131-1,59481,,6126298474370909696
HIP59724,183.734835070209,-47.948495391439,8234-908-1,59724,,6130345536147985024
HIP59726,183.739167343874,-41.1394195577168,7760-741-1,59726,,6148487203123069056
HIP59898,184.276288801671,-65.6929587125176,8986-4286-1,59898,5860789295542940800,5860789299912353024
HIP59960,184.471630956904,-55.9755251196844,8637-2434-1,59960,,6072902994276659200
HIP60183,185.117585827054,-65.8426584891626,8987-40-1,60183,,5860587917472173056
HIP60459,185.925819579006,-63.8700800677673,8983-1126-1,60459,,6053693083047384576
HIP60595,186.299019502771,-11.6105885955023,5529-1713-1,60595,,3576836467618497152
HIP61049,187.69281202134,-58.1879948996291,8658-70-1,61049,,6059507987719518976
HIP61087,187.802674768308,-61.9087475602493,8979-2941-1,61087,,6054752668651631872
HIP61468,188.939718076635,-41.0219504321404,7762-1974-1,61468,,6146899611411058304
HIP61684,189.678234410443,-68.7636446154124,9228-2369-1,61684,5855753394847328128,5855753399177548416
HIP61782,189.942483083618,-49.1987645178522,8240-1290-1,61782,,6127782196588876160
HIP61960,190.471069917884,10.2356191902439,878-1102-1,61960,,3903402278745164672
HIP62134,191.008061978435,-53.5057206582294,8647-613-1,62134,,6075075594872297216
HIP62403,191.829155234374,-66.2374486339644,9000-155-1,62403,,5861438114844805248
HIP62482,192.069445527854,-67.1312115014705,9000-2556-1,62482,5858152185620231936,5858152189941308544
HIP62657,192.582159252131,-49.8635999180213,8253-725-1,62657,,6079490168425944448
HIP63236,194.359115105951,-67.9607031626712,9241-1205-1,63236,5857261546840808320,5857261551179958016
HIP63439,194.999507459699,-50.3895796548851,8254-190-1,63439,,6084425360726815360
HIP63734,195.912541759864,-16.3365751323454,6112-397-1,63734,3512153293772760576,3512153298068184448
HIP63836,196.247686698567,-47.3968166864471,8250-1448-1,63836,,6086135822861167872
HIP63862,196.320027815984,-50.8566160070808,8258-871-1,63862,,6081255159466938752
HIP63905,196.442570792897,-18.8258563991662,6115-1354-1,63905,,3510647723052100864
HIP64184,197.317467994762,-60.3083480258635,8990-1653-1,64184,,6055854551117476480
HIP64822,199.308066628689,-43.9795062070105,7786-2676-1,64822,,6136301865511398016
HIP64995,199.831419912319,-59.4723445582131,8661-1329-1,64995,,6061991269115435136
HIP65089,200.111717640527,-49.2236694103374,8256-306-1,65089,,6083262244920009088
HIP65109,200.149220062999,-36.7123045812195,7275-2074-1,65109,,6165699748415726848
HIP65198,200.423520788415,2.0872386369205,300-1264-1,65198,,3712388075021715840
HIP65208,200.457317471264,-36.1122395873591,7276-576-1,65208,,6166285788114638720
HIP65875,202.537393994412,-58.4845429471884,8674-556-1,65875,5870290793989676544,5870290798365685248
HIP65965,202.879034102412,-46.7352359366136,8261-1660-1,65965,,6084120933444617216
HIP66065,203.149575370278,-28.6927686973217,6726-1943-1,66065,,6188121195688828032
HIP66121,203.306911947687,-77.5693883865306,9430-1728-1,66121,,5789459823018919296
HIP66200,203.533045303668,3.6589694494194,310-1430-1,66200,,3712858597278688000
HIP66454,204.347830572545,-46.4278912934393,8261-2617-1,66454,,6084002083108541952
HIP66722,205.156879420453,-44.3302333884833,7801-2641-1,66722,,6108518340549366656
HIP66821,205.436550688188,-54.5594242950846,,66821,,
HIP67199,206.560393937326,-54.6833644609979,8667-514-1,67199,,6065011902400559872
HIP67497,207.4770960848,-50.2399649477027,8270-877-1,67497,,6093660880442332928
HIP67957,208.755365376947,-50.7506076220749,8275-1528-1,67957,,6090407734775872000
HIP68335,209.82526285329,-51.8928480290375,8275-1656-1,68335,,6090044930292171264
HIP68781,211.175619263418,-50.0714073174942,8272-294-1,68781,,6090684674269292800
HIP68994,211.872047048058,-61.5622764007296,9005-1670-1,68994,5866206039573018496,5866206043905723392
HIP69592,213.670678542456,21.8733958600491,1475-421-1,69592,,1252560901879241344
HIP69751,214.136846904304,20.1218497569068,,69751,,
HIP69781,214.241298746507,-49.9451017482269,8285-847-1,69781,,6091428734401256448
HIP70441,216.154165252184,-47.1777398339914,8281-2783-1,70441,,6092860092382069248
HIP70558,216.493795713746,-44.8231383897269,7817-1542-1,70558,,6099380711729024512
HIP70689,216.876833005272,-52.5251147634276,8679-665-1,70689,5897858711607128192,5897858715909881472
HIP70697,216.889969530297,-46.2135182782402,8278-3077-1,70697,,6093018284617037696
HIP70833,217.279797536302,-43.3618921599591,,70833,,
HIP71271,218.639357842095,-46.304789537728,8278-3079-1,71271,,6098314112427669760
HIP71321,218.772291981444,-43.5545497636225,7818-1288-1,71321,,6099886349638035456
HIP71743,220.129609724244,-16.2092924982031,6154-999-1,71743,6286606165879650944,6286606170175267840
HIP71855,220.468581430872,-75.1394790134258,9428-1001-1,71855,5793182627653353472,5793182631952977920
HIP71899,220.596259523884,21.2930855740271,1483-1030-1,71899,1241384327531704832,1241384331823317632
HIP72048,221.058917652301,-69.6741212403476,9261-1030-1,72048,5799828075929836160,5799828080244639488
HIP72070,221.129011081517,-39.9890639079997,7823-1364-1,72070,,6102199477284607872
HIP72627,222.744607408609,-42.8225131714246,7828-3521-1,72627,,6100404013458686592
HIP73145,224.226948732134,-35.6954608934416,7310-1747-1,73145,,6202242567124829312
HIP73266,224.601103029438,-37.3624717330461,7310-2834-1,73266,,6198963651651935872
HIP73990,226.812235753046,-29.5044821673473,6773-783-1,73990,,6212050520082538880
HIP74049,226.990616216885,-45.5794025073521,8293-2952-1,74049,5907099282191682816,5907099286501464448
HIP74380,227.990313899018,-48.7436848801094,8298-4185-1,74380,5902489098656683008,5902489102985502208
HIP74493,228.329959512864,-19.6475780176438,6178-684-1,74493,6256370626907410432,6256370631203976832
HIP74499,228.366512731083,-33.147279234724,7316-558-1,74499,,6207388934376629504
HIP74689,228.954489959827,0.3721377069474,336-1029-1,74689,,4419087491463629952
HIP74696,228.973636542099,-48.0736856054535,8298-279-1,74696,5902918423590697088,5902918427912754560
HIP74824,229.37853657077,-58.8012051144928,8706-1061-1,74824,,5877059048305044480
HIP74865,229.483795184344,-30.4781726528504,7312-740-1,74865,,6211094559143445888
HIP74931,229.675554027354,10.4240805788031,923-1588-1,74931,1168984613574942208,1168984617870183424
HIP74946,229.727403718535,-68.6795563801533,9259-4905-1,74946,,5823248090236270976
HIP74959,229.772581306082,-36.3622788421825,7325-544-1,74959,,6199818655082933504
HIP75077,230.130912234101,-28.2871066083425,6774-106-1,75077,,6213115122214516608
HIP75210,230.546895830067,-37.6356231580195,7835-530-1,75210,,6007352550557348352
HIP75379,231.049518685709,-10.3222618654052,5598-1052-1,75379,,6316197051735920896
HIP75480,231.289139364021,-26.5752745236657,6771-1141-1,75480,,6214451784754188160
HIP75915,232.588711599046,-41.9190265856758,,75915,,
HIP76028,232.927599272273,-20.1643901661039,6192-1597-1,76028,,6253759943927705856
HIP76063,233.017441678407,-38.622541159161,7836-1128-1,76063,,6006310660211768704
HIP76084,233.083906438116,-31.142731155084,7314-753-1,76084,,6208562250724337152
HIP76276,233.700615062858,10.5388679971732,,76276,,
HIP76310,233.817107102359,-25.73416420582,6768-1531-1,76310,6237729747288281344,6237729751586459392
HIP76633,234.750242573337,-19.7325564365287,6193-1746-1,76633,,6253938511486847360
HIP76875,235.471743435445,-34.8888620890336,7335-894-1,76875,,6013338944686302336
HIP77310,236.750804764931,-62.7965517751276,9027-2786-1,77310,5826466012875513600,5826466017192283264
HIP77317,236.775695972588,-35.5180385240017,7336-1113-1,77317,,6011549008483608192
HIP77432,237.103252018061,-42.6180580401785,7845-954-1,77432,,5989693603556613376
HIP77464,237.236653253593,-3.8185110693591,5026-903-1,77464,4402445932005364480,4402445936305708416
HIP77520,237.41514150876,-38.7774755017441,7837-75-1,77520,,6008691721366743168
HIP77541,237.489594801483,-48.912401309938,8317-1279-1,77541,,5982983009232529664
HIP77545,237.499104122131,-25.1509876354546,6782-1368-1,77545,,6236447239996343424
HIP77622,237.704024016322,4.477742619591,360-1226-1,77622,,4426032591024853504
HIP77911,238.673316926875,-22.7662535360419,6779-2142-1,77911,,6237422850406493952
HIP78043,239.023449134435,-36.8928720675476,7341-1108-1,78043,,6010483822238426240
HIP78045,239.024628404786,-60.4824838592641,9023-2694-1,78045,,5833084905412098816
HIP78099,239.199394404263,-23.1840744618106,6779-760-1,78099,,6237347499499399808
HIP78196,239.497268096023,-31.7289280263959,7329-908-1,78196,6039491477295244416,6039491481598054528
HIP78207,239.547372778785,-14.2793550585704,5623-1368-1,78207,,6263223955904774656
HIP78343,239.948994166929,-35.8454343970325,7341-777-1,78343,,6010950942881973376
HIP78553,240.566794188159,-73.5154090264238,9285-995-1,78553,5782500872186528384,5782500876488518144
HIP78555,240.577195435872,-35.269933266151,7337-668-1,78555,,6011053953378953472
HIP78641,240.806414967872,-35.2874807047776,7338-1225-1,78641,6011074324402224768,6011074324396444800
HIP78663,240.889272284285,-30.1370497470485,7330-289-1,78663,,6040105283968486144
HIP78996,241.87468916752,-23.9506808763829,6780-1489-1,78996,,6242094640953591808
HIP79203,242.480305907042,-18.3406310203737,6205-1555-1,79203,,6248917729075587584
HIP79288,242.729606617827,-25.5226856458421,6784-946-1,79288,,6043530778077991040
HIP79410,243.09097208585,-19.5790473630721,6209-983-1,79410,,6245692620954228864
HIP79516,243.393055989706,-45.8176918650917,8311-120-1,79516,,5990267273750368768
HIP79599,243.620346088535,-21.1076363463146,6213-1943-1,79599,,6243044378479191808
HIP79730,244.08168536502,-1.6481313325861,5034-1307-1,79730,4407056802735196800,4407056807034649472
HIP79742,244.118208241862,-38.7367656157895,7852-122-1,79742,,5997300987069075968
HIP79797,244.272541830277,-67.941284637492,9273-4870-1,79797,5821125856677597568,5821125860988362752
HIP79881,244.574579167035,-28.6140200197036,6805-1909-1,79881,,6039093144853104128
HIP79958,244.816055730105,-55.504734451391,8715-1929-1,79958,5931674604023054720,5931674608438449792
HIP79977,244.871841918617,-21.4036865375456,6214-582-1,79977,,6244295760151546624
HIP80065,245.135384306619,-45.8097598950806,8312-2757-1,80065,5990405876616295808,5990405876616295808
HIP80088,245.209298475899,-22.5941085724518,6794-224-1,80088,,6050496459111584384
HIP80170,245.480061645478,19.1531157433402,,80170,,1201067439456872704
HIP80324,245.986309431578,-33.1993973711037,,80324,,
HIP80591,246.810777500599,-39.8227735722112,7857-394-1,80591,6017222552899250688,6017222557211836928
HIP80686,247.117248527311,-70.0843950159921,9278-2951-1,80686,5808612830236138368,5808612830236138368
HIP81068,248.375529178522,17.8286566363833,1523-928-1,81068,4467159063246940160,4467159067541930752
HIP81425,249.450042233747,13.6870330988675,973-1832-1,81425,4461228744204481408,4461228748502326016
HIP81592,249.945643318483,-51.9942138188442,8337-37-1,81592,5931156527892059264,5931156532274485376
HIP82303,252.249179035899,-8.92999464242639,5629-711-1,82303,4338002696507241984,4338002696507241984
HIP82397,252.544616336545,-26.742544604926,6817-2202-1,82397,,6033974304072734592
HIP82534,253.055475718139,-26.9196721799926,6817-2277-1,82534,,6034282128641423616
HIP82747,253.686874066924,-36.8884891149894,7371-870-1,82747,5971474897726932992,5971474902099064576
HIP83187,255.026162366161,-54.5971772469736,8730-1438-1,83187,,5917719984738398848
HIP83962,257.449792687358,-10.5233014992172,5648-1672-1,83962,4335291232113679360,4335291236411850752
HIP84121,257.963510920365,-45.8743472895127,8328-318-1,84121,5951458529062167808,5951458533405131264
HIP84150,258.067518868477,-39.5069484050867,7874-1197-1,84150,,5972194910385133184
HIP84397,258.821832187914,-7.2018024815931,5078-19-1,84397,4360421704239120384,4360421704239120384
HIP84586,259.35626981024,-66.9510368965479,9064-3514-1,84586,5811866422581688320,5811866422581688320
HIP84881,260.210903437312,-45.4208324122239,8341-414-1,84881,,5952702871347477120
HIP85038,260.699524224604,-58.4732459448743,,85038,,
HIP85157,261.027446322189,22.9602817502395,2074-1985-1,85157,4569194154623300480,4569194055841164160
HIP85307,261.491147026746,-1.6517800665802,5067-1552-1,85307,4373106013973679872,4373106018271326848
HIP85360,261.64524256719,-32.9696757086188,7379-171-1,85360,5976271757721062528,5976271757721062528
HIP85922,263.374355536512,-5.7448032443326,5092-788-1,85922,,4170156100434293120
HIP86305,264.522981753115,-54.5004362403085,8733-2365-1,86305,,5921246427739258112
HIP86672,265.626481206538,-28.748778044062,6839-264-1,86672,,4060180026897207552
HIP87108,266.973162820231,2.7072588828279,420-1962-1,87108,,4472097420944264192
HIP88694,271.598829680763,-36.019785962122,7403-6261-1,88694,,4038724053986441856
HIP89805,274.917214077869,-63.8865633914989,,89805,,
HIP90133,275.901870651441,-75.0442755842665,9445-2572-1,90133,,6414684465766037248
HIP90991,278.41258715346,-14.8536143948213,5703-2517-1,90991,,4103314967619351168
HIP91043,278.583762601905,18.6900651617934,1574-517-1,91043,4524317415742337792,4524317420039164544
HIP91217,279.115977501976,9.1224911287844,1024-3216-1,91217,,4479679240828433152
HIP92024,281.362086059784,-64.8712575461544,9077-2487-1,92024,,6438274350302427776
HIP92161,281.755135257198,18.1815105858727,1587-2067-1,92161,,4512265810537057664
HIP92871,283.864207698393,8.4025084956106,1039-1079-1,92871,4310275487166165632,4310275491469537152
HIP93375,285.275179521477,-28.7140061913426,6885-916-1,93375,,6761777879812084608
HIP94020,287.132205407441,-30.9726492485576,,94020,,
HIP94050,287.210344778279,-42.428120504797,7925-564-1,94050,,6714027605939931520
HIP94114,287.368088580644,-37.9044799261123,7917-2653-1,94114,,6718857073326780672
HIP95261,290.713359185261,-54.4239298007178,8765-2571-1,95261,,
HIP95793,292.254112682657,1.9504495669672,469-6229-1,95793,,4287948945800741120
HIP96334,293.790496373703,-69.9755829842198,9309-599-1,96334,,6420588087293438976
HIP96880,295.398841798751,-72.4460378212443,9314-767-1,96880,,6416270751806848512
HIP97229,296.416447164774,7.6131562873701,1057-2440-1,97229,4298055858529408000,4298055862837777152
HIP97423,297.012604767591,-13.7036143713798,,97423,,
HIP97557,297.433650758524,-32.7639687201392,7443-488-1,97557,6747764569751667328,6747764574050646656
HIP97944,298.573938657915,-23.9410730490052,6891-1773-1,97944,,6863535898551993472
HIP98470,300.084371181425,-33.7034521416732,7444-1240-1,98470,6698960684568282624,6698960688866464768
HIP98839,301.075416254594,-26.3295410774907,6900-1905-1,98839,,6850091001646725248
HIP99742,303.569246074248,15.1976040979278,1618-2331-1,99742,,1808282768947879808
HIP99803,303.734048676096,-56.9764786022733,,99803,,
HIP100787,306.519881567827,-46.6600083151691,8405-2457-1,100787,,6669442615590221056
HIP101022,307.208204645111,-1.7345592014172,5163-1750-1,101022,4229021955821094656,4229021960117124992
HIP101120,307.469140755065,-18.5863599839736,6333-2131-1,101120,,6860821651019025664
HIP101123,307.474622400808,-18.5831831525107,6333-2130-1,101123,,6860821651019024896
HIP101483,308.487712130814,13.0272308471137,1096-1682-1,101483,,1756148222519224192
HIP101800,309.45466533875,11.3776726105734,1096-1683-1,101800,,1754631755466911360
HIP102531,311.661918524878,16.1241254479795,1634-3057-1,102531,,1763000482062205056
HIP103107,313.358046256157,-49.3828986783927,8416-1162-1,103107,,6481251098731588224
HIP103460,314.419354577577,-16.0315402322183,6345-1577-1,103460,,6883484612888471808
HIP104239,316.793254364685,-13.9229298150712,,104239,,
HIP104308,316.963421964206,-54.2165169747295,8793-360-1,104308,,6464215849687596288
HIP104365,317.14010235054,-21.1936737155728,6358-1841-1,104365,,6832245893565505024
HIP104864,318.63685070462,-22.8780989490097,6937-192-1,104864,,6804651141005381888
HIP105044,319.158213579126,-36.1733727100214,7484-314-1,105044,,6776341912046962048
HIP105156,319.521466121506,-29.5133817946382,6949-566-1,105156,,6787949937336590080
HIP105184,319.613622182066,-43.33465170049,7978-1128-1,105184,,6577318075351824512
HIP105404,320.249254751676,-52.4778297183748,8434-104-1,105404,6466063059286755328,6466063063582742656
HIP105441,320.352057718413,-66.9159388920097,9114-1109-1,105441,,6400161703868444800
HIP105612,320.863079477217,-75.4938212158122,9474-605-1,105612,,6368867678796480768
HIP105712,321.168842065854,-68.227924401427,9322-1132-1,105712,,6399747669021004928
HIP105860,321.611086093241,19.3756435737987,1671-710-1,105860,1787127782968262400,1787127787263968640
HIP107095,325.386914077718,-14.0476165836296,5799-1135-1,107095,,6841803123511245696
HIP107947,328.040520396653,-62.0523633661109,9116-257-1,107947,,6408937971321777152
HIP108060,328.405769973758,19.6684635732205,1687-2026-1,108060,,1780298239507224832
HIP108405,329.421682691313,-51.0061778836273,8443-1629-1,108405,,6558208838138808576
HIP108912,330.926764793892,-60.4374591314774,9116-1776-1,108912,,6409419145097654016
HIP109285,332.095894905999,-32.9884384053261,7492-1466-1,109285,,6612204651587350016
HIP110935,337.156960358151,-67.489061388114,9124-1805-1,110935,,6385955326441803264
HIP111188,337.876378063073,-32.3460791957308,7497-1511-1,111188,,6601750220152445440
HIP111594,339.122092922268,-40.5827053020463,8000-1535-1,111594,,6545396538377295232
HIP112515,341.861405550257,-44.9651614279655,8010-1574-1,112515,,6519711873737172608
HIP112581,342.028831323535,-37.756661984048,8004-909-1,112581,,6547596729863915648
HIP112714,342.383921487019,10.4786132603479,1156-1075-1,112714,2718224191060455936,2718224195355526144
HIP113839,345.798465302371,-47.255293522852,8448-983-1,113839,,6539508859773405056
HIP114530,347.96688991461,-45.1362872163151,8448-43-1,114530,,6527965258988306304
HIP114948,349.240364157728,-62.0011996602904,9126-1745-1,114948,,6489909443564308224
HIP115527,351.026404678734,-7.5507577377091,5822-221-1,115527,,2630815941525069696
HIP115738,351.733149136861,1.2556039787436,578-1415-1,115738,,2645537646306946688
HIP116063,352.761892427799,-69.0767398225439,9339-387-1,116063,,6387813363653800448
HIP116258,353.349275218413,-12.6646179889014,5835-83-1,116258,2433113369915019008,2433113374210098048
HIP116611,354.486677123314,18.4006656704909,1723-2166-1,116611,,2821368419085908352
HIP116928,355.511681837631,1.7800388622694,586-1458-1,116928,,2646511813609083648
HIP116971,355.680602536761,-14.5449050168224,5836-979-1,116971,,2419885149815948416
HIP117219,356.505234455544,-40.1825650551814,8017-1472-1,117219,6534547274893104512,6534547279188899584
HIP117452,357.231444065413,-28.130270693681,6988-1337-1,117452,,
HIP117481,357.3313586134,-27.8542578118409,6988-1090-1,117481,2328281189678351232,2328281189678351232
HIP118008,359.044471966923,-39.0523361093589,8015-290-1,118008,2307133320469510912,2307132568850133376
HIP118121,359.396160486707,-64.2982285830966,9130-1766-1,118121,,6485789573494536832
HR9,1.7086938864343,-23.1075409941581,6412-1068-1,560,2337191185233219072,2337191189529102336
HR857,43.1338674390401,-12.7697140692952,5292-897-1,13402,,5160075762132996992
HR1190,57.1495,-37.6201555555556,7570-1585-1,,,
HR3070,117.303903506247,-60.2837147148635,8911-3290-1,38160,,5293984115052147968
HR4796,189.004295847914,-39.8695074994451,7762-1973-1,61498,,
HR8799,346.869648710695,21.134250592745,1718-2350-1,114189,2832463655344301952,2832463659640297472
L206-187,277.550025689754,-58.2742994572792,8757-314-1,,,6635966781495628672
LP353-51,35.8610257103243,22.7352115872548,1766-1431-1,11152,101612981989146752,101612981989146752
LP776-25,73.1017280030436,-16.8227575709279,5899-26-1,,2980822030590414976,2980822034888930176
LTT1479,46.9823011204526,-28.2197121588635,6444-610-1,14555,5059643101581389696,5059643105878789632
NAMEFomalhaut,344.41269272117,-29.6222370333894,6977-1267-1,113368,,
TWA25,183.878001368716,-39.8118348731108,7760-283-1,,6150861594185298176,6150861598480158336
TYC195-2572-1,122.813020852051,1.2767654901643,195-2572-1,,,3089838063025532672
TYC251-1015-1,154.869098105134,6.5829728227917,251-1015-1,,3861752361672257280,3861752365967697664
TYC410-2888-1,256.73656416427,6.7967441606409,410-2888-1,83744,4394673175070396160,4394673179368080256
TYC424-1952-1,266.606004644778,3.98024744159694,424-1952-1,,4472478431784611968,4472478431784611968
TYC466-1374-1,285.571206083494,2.7394107479057,466-1374-1,,4268724049389754240,4268724053705452416
TYC912-1575-1,216.022882495552,11.2493040203054,912-1575-1,,,1177532908459199872
TYC945-806-1,241.542882394918,8.5957148551434,945-806-1,,,4451595755332248576
TYC959-989-1,246.703462519585,8.3906066469925,959-989-1,,4440350770738523136,4440350775038525184
TYC1226-1676-2,41.8634118808167,19.3724555168489,1226-1676-2,,,84625630419434496
TYC1365-1688-1,114.004802985,18.1415322243873,1365-1688-1,,671410178432232320,671410182729275776
TYC1470-9-1,209.556671945012,19.2865841375769,1470-9-1,,,1246505032351703808
TYC1701-642-1,341.173103654292,17.9050816098083,1701-642-1,,2832918887518987904,2832918887518987904
TYC4803-1418-1,100.093164925534,-3.53308270686889,4803-1418-1,,3105605708307826944,3105605708307826944
TYC4803-625-1,100.754267272931,-2.8886988277984,4803-625-1,,3105749744332466304,3105749748629384576
TYC4900-1772-1,143.800901888018,-5.8491785961113,4900-1772-1,,3823795674093569920,3823795674093569920
TYC5626-979-1,246.870473619464,-8.5719893877812,5626-979-1,,4350787611556606208,4350787615854308608
TYC5784-205-1,318.093293223934,-14.9993698477647,5784-205-1,,,6884240247958763392
TYC5835-239-1,353.094703959542,-13.6520611588932,5835-239-1,,2408274680688465536,2408274684984017024
TYC5916-792-1,83.5381775394272,-15.2842180330044,5916-792-1,,2972231718042118528,2972231722338351360
TYC6347-1583-1,318.094020833333,-15.0000083333333,6347-1583-1,,,
TYC6427-300-1,18.1688578212087,-29.1795659075391,6427-300-1,,5029927425451496576,5029927429747497984
TYC6589-789-1,134.826084342654,-24.7288736168795,6589-789-1,,5652765612575483776,5652765616871308416
TYC6601-1855-1,143.800572247048,-23.8441944344141,6601-1855-1,,5662777009543019648,5662777013838599808
TYC6606-1001-1,145.424457122048,-25.9643607843701,6606-1001-1,,5658573954546172800,5658573958844141696
TYC6750-1743-2,221.502461779111,-25.444436460444,6750-1743-2,,,6228895347454822016
TYC7116-2739-1,110.567716010786,-35.9182753490103,7116-2739-1,,,5589828712308012544
TYC7401-2446-1,276.21069859442,-34.1905795833206,7401-2446-1,,,4044456563947443200
TYC7429-1696-1,292.739026227127,-32.6990897789702,7429-1696-1,,6745080215191452416,6745080219492054016
TYC7604-1675-1,84.3051741778777,-42.7159359704198,7604-1675-1,,,4802947444765742848
TYC7883-2069-1,261.392812554762,-38.8110328508446,7883-2069-1,,5972521186118405120,5972521190445923072
TYC8090-1489-1,84.229566911813,-47.963320142609,8090-1489-1,26369,4795596827281131904,4795596831576255488
TYC8132-2110-1,110.091088011412,-52.309243157493,8132-2110-1,,,5492026740697659264
TYC8262-2044-1,205.841541486743,-46.6356754661412,8262-2044-1,,6107217820150439552,6107217824452695552
TYC8484-1507-1,39.6877173196521,-52.952365461967,8484-1507-1,,,4741722617241539456
TYC8589-1882-1,145.670166666667,-55.8320083333333,8589-1882-1,,,
TYC8601-1851-1,157.077170833333,-52.5616666666667,8601-1851-1,,,
TYC8601-4517-1,157.074610771361,-52.5611340833148,8601-4517-1,,,5357273275677035520
TYC8637-2610-1,183.717952178646,-55.784342087009,8637-2610-1,59721,,6075548419252913152
TYC8739-1303-2,258.245495833333,-58.5963333333333,8739-1303-2,,,
TYC8750-480-1,269.381983333333,-57.664225,8750-480-1,,,
TYC8797-1377-1,317.605654166667,-54.57375,8797-1377-1,,,
TYC8797-1377-2,317.607094949554,-54.5744899180415,8797-1377-2,,,6463958151650358784
TYC8804-1150-1,314.343476841181,-59.0759601983874,8804-1150-1,103438,,6456232811155783936
TYC9098-1297-1,301.832672162991,-65.8526306957014,9098-1297-1,,,6427663204100631424
TYC9339-2157-1,354.913624787046,-69.194304155713,9339-2157-1,,,6387058411482257280
TYC9339-55-1,352.902909906069,-69.1251646119982,9339-55-1,,6387801299089387136,6387801299089387136
TYC9412-59-1,189.838649261442,-75.0442178255528,9412-59-1,,5838361594794528640,5838361599097855104
V*AEFor,47.0277614253265,-24.7596483778549,6438-83-1,14568,,5074604160596736640
V*AFLep,81.7698465381619,-11.9009628298519,5340-1141-1,25486,3009908373754300288,3009908378049913216
V*ANSex,153.073618482942,-3.7456649564991,4907-704-1,49986,,3828238392559860992
V*AOMen,94.6175354047816,-72.0448462222064,9172-690-1,29964,5266270439140210176,5266270443442455040
V*AUMic,311.289718206453,-31.3409004752072,7457-641-1,102409,,6794047652729201024
V*BOMic,311.93745504765,-36.5946719820591,7469-997-1,102626,,6778413151435607680
V*CEAnt,160.625425528889,-33.6711741041536,7190-2111-1,,,5444751795151480320
V*CSGru,333.896784822986,-39.0140826753816,7996-969-1,109901,,6573729200678375552
V*HNPeg,326.130541555706,14.7719395363997,1133-1258-1,107350,,1772187382746856320
V*ISEri,47.4261986051277,-9.579606670555,5294-1158-1,14684,5166951382002967552,5166951386298774144
V*IXEri,71.9012156698201,-16.934456090932,5892-1953-1,22263,,2980492387558410112
V*MTPeg,345.770739280182,20.9185729981381,1717-687-1,113829,2832641054673513600,2832641058969396864
V*NYAps,228.097651234333,-75.2543452342661,9428-1781-1,74405,5792536561488806272,5792536565791371776
V*NZLup,238.363714572671,-42.2668643923027,7846-1538-1,,5995577807512547712,5995577807512547712
V*PZTel,283.274472419775,-50.180528161135,8381-2435-1,92680,,6655168686921108864
V*TWHya,165.466272624423,-34.7047309863606,7208-347-1,53911,5401795658263638912,5401795662560500352
V*TWPsA,344.100222060844,-31.565565295724,7505-100-1,113283,,6604147121141267712
V*V1358Ori,94.7835728101954,-3.4389885488441,4788-1272-1,30030,3116883777034077056,3116883781327753216
V*V343Nor,234.73982483368,-57.7075827050581,8704-1271-1,76629,5882581890885085312,5882581895219921024
V*V352CMa,93.4387315075377,-23.8619357722055,6505-2273-1,29568,2913411178849955712,2913411183149615744
V*V401Hya,129.459557417743,-6.8068827513758,4875-1583-1,42333,5755064483659664512,5755064487956174720
V*V419Hya,160.867798469275,-29.0642859230193,6645-338-1,52462,5455707152914063232,5455707157211784832
V*V592Pup,126.323815987838,-34.3670126364447,7143-809-1,41278,5543688870779816448,5543688875089270272
V*WWPsA,341.241526113074,-33.250475831934,,112312,,
