star,ra,dec,comment,ra_deg,dec_deg
HIP 159 ,00:02:02.6 ,-02:45:58.2 ,H-coron (~1 hr),0.510833333333333,-2.76616666666667
HD 105 ,00:05:52.5 ,-41:45:11.0 ,H-coron (~1 hr),1.46875,-41.7530555555556
HR 9 ,00:06:50.1 ,-23:06:27.1 ,H-coron (~1 hr); H-coron-pol,1.70875,-23.1075277777778
HD 377 ,00:08:26 ,06:37:00 ,H-coron-pol; H-coron-pol,2.10833333333333,6.61666666666667
HIP 795 ,00:09:51.6 ,08:27:11.5 ,H-coron (~1 hr),2.465,8.45319444444444
HD 987 ,00:13:52.8 ,-74:41:17.5 ,H-coron (~1 hr),3.47,-74.6881944444444
HD 984 ,00:14:10.2 ,-07:11:56.8 ,H-coron (~1 hr),3.5425,-7.19911111111111
HD 1237 ,00:16:12.7 ,-79:51:04.0 ,H-coron (~1 hr),4.05291666666667,-79.8511111111111
HIP 1427 ,00:17:50.0 ,16:19:51.6 ,H-coron (~1 hr),4.45833333333333,16.331
HD 1466 ,00:18:26.1 ,-63:28:39.0 ,H-coron (~1 hr); H-coron-pol,4.60875,-63.4775
HIP 1803 ,00:22:51.8 ,-12:12:34.0 ,H-coron (~1 hr),5.71583333333333,-12.2094444444444
HIP 2072 ,00:26:12.1 ,-43:40:47.7 ,H-coron (~1 hr),6.55041666666667,-43.6799166666667
HIP 2472 ,00:31:25.0 ,-48:48:12.7 ,H-coron (~1 hr); H-coron-pol,7.85416666666667,-48.8035277777778
* bet01 Tuc ,00:31:32.6 ,-62:57:29.5 ,H-coron (~1 hr),7.88583333333333,-62.9581944444444
HIP 2729 ,00:34:51.2 ,-61:54:58.0 ,H-coron (~1 hr),8.71333333333333,-61.9161111111111
HIP 2841 ,00:36:00.8 ,-59:43:01.9 ,H-coron (~1 hr),9.00333333333333,-59.7171944444444
HIP 3203 ,00:40:47.5 ,-07:13:56.6 ,H-coron (~1 hr),10.1979166666667,-7.23238888888889
HIP 3210 ,00:40:51.6 ,-53:12:35.7 ,H-coron (~1 hr); H-coron-pol,10.215,-53.2099166666667
HIP 3277 ,00:41:46.3 ,-56:30:05.2 ,H-coron (~1 hr),10.4429166666667,-56.5014444444444
HIP 3540 ,00:45:11.0 ,00:15:11.8 ,H-coron (~1 hr),11.2958333333333,0.253277777777778
HD 4944 ,00:50:24.3 ,-64:04:04.0 ,H-coron (~1 hr),12.60125,-64.0677777777778
HIP 4290 ,00:54:59.3 ,24:06:01.0 ,H-coron (~1 hr),13.7470833333333,24.1002777777778
HIP 5373 ,01:08:45.7 ,-25:51:40.0 ,H-coron (~1 hr),17.1904166666667,-25.8611111111111
HD 7112 ,01:09:56.6 ,-64:21:33.1 ,H-coron (~1 hr); H-coron-pol,17.4858333333333,-64.3591944444444
TYC 6427-300-1,01:12:40.5 ,-29:10:46.5 ,H-coron (~1 hr),18.16875,-29.1795833333333
HIP 5743 ,01:13:45.3 ,07:34:41.8 ,H-coron (~1 hr),18.43875,7.57827777777778
HD 8077 ,01:19:05.6 ,-53:51:01.9 ,H-coron (~1 hr),19.7733333333333,-53.8505277777778
HIP 6276 ,01:20:32.3 ,-11:28:03.7 ,H-coron (~1 hr),20.1345833333333,-11.4676944444444
HIP 6485 ,01:23:21.1 ,-57:28:50.5 ,H-coron (~1 hr),20.8379166666667,-57.4806944444444
HIP 6494 ,01:23:25.6 ,-76:36:42.1 ,H-coron (~1 hr); H-coron-pol,20.8566666666667,-76.6116944444444
HIP 6856 ,01:28:08.7 ,-52:38:19.1 ,H-coron (~1 hr),22.03625,-52.6386388888889
HIP 6960 ,01:29:36.1 ,-21:37:45.5 ,H-coron (~1 hr),22.4004166666667,-21.6293055555556
HIP 7345 ,01:34:37.7 ,-15:40:34.9 ,H-coron (~1 hr); H-coron-pol,23.6570833333333,-15.6763611111111
HIP 7576 ,01:37:35.4 ,-06:45:36.7 ,H-coron (~1 hr),24.3975,-6.76019444444444
HD 10800 ,01:37:55.6 ,-82:58:30.0 ,H-coron (~1 hr),24.4816666666667,-82.975
HD 10472 ,01:40:24.1 ,-60:59:56.6 ,H-coron (~1 hr); H-coron-pol,25.1004166666667,-60.9990555555556
HD 10647 ,01:42:29.3 ,-53:44:27.0 ,H-coron (~1 hr); H-coron-pol,25.6220833333333,-53.7408333333333
tau Cet ,01:44:04 ,-15:56:14 ,H-coron-pol,26.0166666666667,-15.9372222222222
HIP 8241 ,01:46:06.3 ,-53:31:19.3 ,H-coron (~1 hr); H-coron-pol,26.52625,-53.5220277777778
HIP 8661 ,01:51:36.3 ,-02:38:16.0 ,H-coron (~1 hr),27.90125,-2.63777777777778
HD 12039 ,01:57:48.9 ,-21:54:05.0 ,H-coron (~1 hr); H-coron-pol,29.45375,-21.9013888888889
HIP 9892 ,02:07:18.0 ,-53:11:56.4 ,H-coron (~1 hr); H-coron-pol,31.825,-53.199
HD 13246 ,02:07:26.0 ,-59:40:45.8 ,H-coron (~1 hr); H-coron-pol,31.8583333333333,-59.6793888888889
HD 14228 ,02:16:30.6 ,-51:30:44.0 ,H-coron (~1 hr),34.1275,-51.5122222222222
HIP 10786 ,02:18:53.2 ,-69:53:12.0 ,H-coron (~1 hr),34.7216666666667,-69.8866666666667
LP 353-51 ,02:23:26.6 ,22:44:06.7 ,H-coron (~1 hr),35.8608333333333,22.7351944444444
HD 15279 ,02:25:52.0 ,-52:57:52.1 ,H-coron (~1 hr); H-coron-pol,36.4666666666667,-52.9644722222222
HD 15115 ,02:26:16.2 ,06:17:33.6 ,H-coron (~1 hr); H-coron-pol,36.5675,6.29266666666667
HIP 11964 ,02:34:22.6 ,-43:47:47.0 ,H-coron (~1 hr),38.5941666666667,-43.7963888888889
HD 16699A ,02:38:44.2 ,-52:57:03.0 ,H-coron (~1 hr),39.6841666666667,-52.9508333333333
TYC 8484-1507-1,02:38:45.0 ,-52:57:08.0 ,H-coron (~1 hr),39.6875,-52.9522222222222
HD 16743 ,02:39:07.6 ,-52:56:05.3 ,H-coron (~1 hr); H-coron-pol,39.7816666666667,-52.9348055555555
HIP 12394 ,02:39:35.2 ,-68:16:00.8 ,H-coron (~1 hr),39.8966666666667,-68.2668888888889
HIP 12413 ,02:39:47.9 ,-42:53:29.8 ,H-coron (~1 hr),39.9495833333333,-42.8916111111111
HIP 12444 ,02:40:12.4 ,-09:27:10.4 ,H-coron (~1 hr),40.0516666666667,-9.45288888888889
zet Hor ,02:40:39.6 ,-54:33:00.0 ,H-coron (~1 hr),40.165,-54.55
* 84 Cet B ,02:41:13.7 ,-00:41:41.9 ,H-coron (~1 hr),40.3070833333333,-0.694972222222222
BD+05 378 ,02:41:25.8 ,05:59:18.4 ,H-coron (~1 hr),40.3575,5.98844444444444
HD 17051 ,02:42:33.5 ,-50:48:01.1 ,H-coron (~1 hr),40.6395833333333,-50.8003055555556
HIP 12787 ,02:44:21.3 ,10:57:41.2 ,H-coron (~1 hr),41.08875,10.9614444444444
HIP 12837 ,02:45:01.1 ,-22:09:58.7 ,H-coron (~1 hr),41.2545833333333,-22.1663055555556
HD 17390 ,02:46:45.1 ,-21:38:22.2 ,H-coron (~1 hr); H-coron-pol,41.6879166666667,-21.6395
TYC 1226-1676-2,02:47:27.2 ,19:22:21.2 ,H-coron (~1 hr),41.8633333333333,19.3725555555556
HD 17848 ,02:49:01.4 ,-62:48:23.7 ,H-coron (~1 hr); H-coron-pol,42.2558333333333,-62.8065833333333
HIP 13359 ,02:51:53.0 ,-61:37:05.0 ,H-coron (~1 hr),42.9708333333333,-61.6180555555556
HR 857 ,02:52:32.1 ,-12:46:10.9 ,H-coron (~1 hr); H-coron-pol,43.13375,-12.7696944444444
HIP 13847 ,02:58:15.7 ,-40:18:17.0 ,H-coron (~1 hr),44.5654166666667,-40.3047222222222
HIP 14007 ,03:00:19.7 ,-37:27:16.0 ,H-coron (~1 hr),45.0820833333333,-37.4544444444444
HIP 14551 ,03:07:50.8 ,-27:49:52.0 ,H-coron (~1 hr),46.9616666666667,-27.8311111111111
LTT 1479 ,03:07:55.7 ,-28:13:10.9 ,H-coron (~1 hr),46.9820833333333,-28.2196944444444
V* AE For ,03:08:06.6 ,-24:45:34.7 ,H-coron (~1 hr),47.0275,-24.7596388888889
IS Eri ,03:09:42.3 ,-09:34:46.5 ,H-coron (~1 hr); H-coron-pol,47.42625,-9.57958333333333
HIP 14857 ,03:11:52.5 ,-39:01:23.2 ,H-coron (~1 hr),47.96875,-39.0231111111111
HIP 15039 ,03:13:50.2 ,-38:48:33.4 ,H-coron (~1 hr); H-coron-pol,48.4591666666667,-38.8092777777778
HIP 15353 ,03:17:59.1 ,-66:55:36.6 ,H-coron (~1 hr),49.49625,-66.9268333333333
HD 20631 ,03:18:41.1 ,-18:33:34.6 ,H-coron (~1 hr),49.67125,-18.5596111111111
HIP 15457 ,03:19:21.7 ,03:22:12.7 ,H-coron (~1 hr),49.8404166666667,3.37019444444444
HD 21997 ,03:31:53.6 ,-25:36:50.9 ,H-coron (~1 hr); H-coron-pol,52.9733333333333,-25.6141388888889
eps Eri ,03:32:55.8 ,-09:27:29.7 ,H-coron (~1 hr); H-coron-pol,53.2325,-9.45825
HIP 16846 ,03:36:47.3 ,00:35:15.9 ,H-coron (~1 hr),54.1970833333333,0.58775
HIP 17157 ,03:40:29.4 ,-47:55:31.0 ,H-coron (~1 hr),55.1225,-47.9252777777778
HIP 17338 ,03:42:39.8 ,-20:32:43.8 ,H-coron (~1 hr); H-coron-pol,55.6658333333333,-20.5455
HIP 17395 ,03:43:33.8 ,-10:29:08.2 ,H-coron (~1 hr); H-coron-pol,55.8908333333333,-10.4856111111111
HIP 17695 ,03:47:23.3 ,-01:58:19.9 ,H-coron (~1 hr),56.8470833333333,-1.97219444444444
HIP 17764 ,03:48:11.3 ,-74:41:39.1 ,H-coron (~1 hr); H-coron-pol,57.0470833333333,-74.6941944444444
HD 24071 ,03:48:35.4 ,-37:37:19.2 ,H-coron (~1 hr),57.1475,-37.622
HR 1190 ,03:48:35.8 ,-37:37:12.5 ,H-coron (~1 hr),57.1491666666667,-37.6201388888889
HD 24224 ,03:48:47.3 ,-53:10:56.2 ,H-coron (~1 hr),57.1970833333333,-53.1822777777778
HIP 18512 ,03:57:28.7 ,-01:09:34.1 ,H-coron (~1 hr),59.3695833333333,-1.15947222222222
HIP 18714 ,04:00:31.9 ,-41:44:54.2 ,H-coron (~1 hr),60.1329166666667,-41.7483888888889
HD 25457 ,04:02:36.7 ,-00:16:08.1 ,H-coron (~1 hr),60.6529166666667,-0.268916666666667
HD 25570 ,04:03:56.6 ,08:11:50.1 ,H-coron (~1 hr); H-coron-pol,60.9858333333333,8.19725
HIP 19076 ,04:05:20.3 ,22:00:32.0 ,H-coron (~1 hr),61.3345833333333,22.0088888888889
HIP 19183 ,04:06:41.5 ,01:41:02.9 ,H-coron (~1 hr),61.6729166666667,1.68413888888889
HD 26980 ,04:14:22.5 ,-38:19:01.5 ,H-coron (~1 hr),63.59375,-38.3170833333333
HIP 19855 ,04:15:25.8 ,06:11:58.7 ,H-coron (~1 hr),63.8575,6.19963888888889
HD 26923 ,04:15:28.8 ,06:11:12.7 ,H-coron (~1 hr),63.87,6.18686111111111
gam Dor ,04:16:01.6 ,-51:29:11.9 ,H-coron (~1 hr); H-coron-pol,64.0066666666667,-51.4866388888889
HIP 19990 ,04:17:15.7 ,20:34:43.5 ,H-coron (~1 hr),64.3154166666667,20.57875
HIP 20737 ,04:26:38.6 ,-28:57:06.5 ,H-coron (~1 hr); H-coron-pol,66.6608333333333,-28.9518055555556
51 Eri ,04:37:36.1 ,-02:28:24.8 ,H-coron (~4 hr); Y-coron (~4 hr); J-coron (~4 hr); K1-coron (~4 hr); K2-coron (~6 hr); J-POL (~4 hr),69.4004166666667,-2.47355555555556
HIP 21632 ,04:38:43.9 ,-27:02:01.7 ,H-coron (~1 hr),69.6829166666667,-27.0338055555556
HD 29697 ,04:41:18.8 ,20:54:05.4 ,H-coron (~1 hr),70.3283333333333,20.9015
HIP 21965 ,04:43:17.2 ,-23:37:41.9 ,H-coron (~1 hr),70.8216666666667,-23.6283055555556
HIP 22192 ,04:46:25.7 ,-28:05:15.0 ,H-coron (~1 hr); H-coron-pol,71.6070833333333,-28.0875
HD 30447 ,04:46:49.5 ,-26:18:09.0 ,H-coron (~1 hr); H-coron-pol,71.70625,-26.3025
IX Eri ,04:47:36.3 ,-16:56:04.0 ,H-coron (~1 hr),71.90125,-16.9344444444444
HIP 22295,04:48:05.2,-80:46:45.5,H-coron (~1 hr); H-coron-pol,72.0216666666667,-80.7793055555556
HIP 22506 ,04:50:35.4 ,-41:02:51.4 ,H-coron (~1 hr),72.6475,-41.0476111111111
LP 776-25 ,04:52:24.4 ,-16:49:21.9 ,H-coron (~1 hr),73.1016666666667,-16.82275
HIP 22738 ,04:53:31.2 ,-55:51:37.1 ,H-coron (~1 hr),73.38,-55.8603055555556
HD 31392 ,04:54:04.2 ,-35:24:16.2 ,H-coron (~1 hr); H-coron-pol,73.5175,-35.4045
HIP 22844 ,04:54:53.0 ,-58:32:51.5 ,H-coron (~1 hr),73.7208333333333,-58.5476388888889
HIP 22845 ,04:54:53.7 ,10:09:04.0 ,H-coron (~1 hr); H-coron-pol,73.72375,10.1511111111111
CD-57 1054 ,05:00:47.1 ,-57:15:25.4 ,H-coron (~1 hr),75.19625,-57.2570555555556
HD 32372 ,05:00:51.8 ,-41:01:06.7 ,H-coron (~1 hr); H-coron-pol,75.2158333333333,-41.0185277777778
HD 32309 ,05:01:25.6 ,-20:03:06.9 ,H-coron (~1 hr),75.3566666666667,-20.0519166666667
HD 32297 ,05:02:27.4 ,07:27:39.9 ,H-coron (~1 hr); H-coron-pol,75.6141666666667,7.46108333333333
HIP 23554 ,05:03:53.3 ,-24:23:17.0 ,H-coron (~1 hr),75.9720833333333,-24.3880555555556
zet Dor ,05:05:30.7 ,-57:28:22.7 ,H-coron (~1 hr),76.3779166666667,-57.4729722222222
BD-21 1074 ,05:06:49.9 ,-21:35:09.2 ,H-coron (~1 hr),76.7079166666667,-21.5858888888889
HIP 24362 ,05:13:37.3 ,-32:04:01.8 ,H-coron (~1 hr),78.4054166666667,-32.0671666666667
HIP 24947 ,05:20:38.0 ,-39:45:18.0 ,H-coron (~1 hr); H-coron-pol,80.1583333333333,-39.755
HIP 25127 ,05:22:42.7 ,13:13:45.1 ,H-coron (~1 hr),80.6779166666667,13.2291944444444
* 111 Tau ,05:24:25.4 ,17:23:00.7 ,H-coron (~1 hr); H-coron-pol,81.1058333333333,17.3835277777778
HIP 25283 ,05:24:30.1 ,-38:58:10.2 ,H-coron (~1 hr),81.1254166666667,-38.9695
CD-43 1846 ,05:26:22.9 ,-43:22:36.4 ,H-coron (~1 hr); H-coron-pol,81.5954166666667,-43.3767777777778
HD 35996 ,05:26:24.0 ,-43:22:32.7 ,H-coron (~1 hr); H-coron-pol,81.6,-43.37575
HD 35841 ,05:26:36.6 ,-22:29:23.7 ,H-coron (~1 hr); H-coron-pol,81.6525,-22.4899166666667
AF Lep ,05:27:04.8 ,-11:54:03.5 ,H-coron (~1 hr),81.77,-11.9009722222222
HIP 25544 ,05:27:39.4 ,-60:24:57.6 ,H-coron (~1 hr),81.9141666666667,-60.416
HIP 25627 ,05:28:28.0 ,-39:22:15.6 ,H-coron (~1 hr),82.1166666666667,-39.371
HIP 25709 ,05:29:24.1 ,-34:30:56.0 ,H-coron (~1 hr),82.3504166666667,-34.5155555555556
HIP 25746 ,05:29:50.1 ,-47:04:34.7 ,H-coron (~1 hr),82.45875,-47.0763055555556
TYC 5916-792-1,05:34:09.2 ,-15:17:03.2 ,H-coron (~1 hr),83.5383333333333,-15.2842222222222
TYC 8090-1489-1,05:36:55.0 ,-47:57:47.9 ,H-coron (~1 hr),84.2291666666667,-47.9633055555556
HIP 26395 ,05:37:08.8 ,-11:46:31.7 ,H-coron (~1 hr); H-coron-pol,84.2866666666667,-11.7754722222222
TYC 7604-1675-1,05:37:13.2 ,-42:42:57.3 ,H-coron (~1 hr),84.305,-42.7159166666667
HIP 26412 ,05:37:16.5 ,-27:52:16.3 ,H-coron (~1 hr),84.31875,-27.8711944444444
HD 37484 ,05:37:39.6 ,-28:37:34.7 ,H-coron (~1 hr); H-coron-pol,84.415,-28.6263055555556
HD 37478 ,05:39:17.1 ,10:15:35.4 ,H-coron (~1 hr),84.82125,10.2598333333333
HIP 26990 ,05:43:35.8 ,-39:55:25.0 ,H-coron (~1 hr); H-coron-pol,85.8991666666667,-39.9236111111111
HIP 27134 ,05:45:13.4 ,-59:55:26.0 ,H-coron (~1 hr),86.3058333333333,-59.9238888888889
HIP 27288 ,05:46:57.3 ,-14:49:19.0 ,H-coron (~1 hr); H-coron-pol,86.73875,-14.8219444444444
beta Pic ,05:47:17.1 ,-51:04:00.2 ,H-coron (~1 hr); H-coron-pol,86.82125,-51.0667222222222
HIP 27371 ,05:47:49.5 ,-40:03:50.0 ,H-coron (~1 hr),86.95625,-40.0638888888889
HIP 27441 ,05:48:36.8 ,-39:55:55.0 ,H-coron (~1 hr),87.1533333333333,-39.9319444444444
HD 40781 ,05:59:13.3 ,-38:42:38.0 ,H-coron (~1 hr),89.8054166666667,-38.7105555555556
HIP 28498 ,06:00:55.3 ,-54:57:05.0 ,H-coron (~1 hr),90.2304166666667,-54.9513888888889
HIP 28869 ,06:05:42.1 ,-61:44:55.0 ,H-coron (~1 hr),91.4254166666667,-61.7486111111111
HIP 28921 ,06:06:16.6 ,-27:54:21.2 ,H-coron (~1 hr),91.5691666666667,-27.9058888888889
CD-35 2722 ,06:09:19.2 ,-35:49:31.1 ,H-coron (~1 hr),92.33,-35.8253055555556
V352 CMa ,06:13:45.3 ,-23:51:43.0 ,H-coron (~1 hr),93.43875,-23.8619444444444
HIP 29711 ,06:15:29.7 ,-04:54:52.7 ,H-coron (~1 hr),93.87375,-4.91463888888889
HD 43976 ,06:15:38.8 ,-57:42:05.5 ,H-coron (~1 hr),93.9116666666667,-57.7015277777778
V* AO Men ,06:18:28.2 ,-72:02:41.4 ,H-coron (~1 hr),94.6175,-72.0448333333333
V1358 Ori ,06:19:08.0 ,-03:26:20.0 ,H-coron (~1 hr); H-coron-pol,94.7833333333333,-3.43888888888889
HIP 30034 ,06:19:12.9 ,-58:03:15.8 ,H-coron (~1 hr),94.80375,-58.0543888888889
HIP 30252 ,06:21:50.0 ,-51:14:15.8 ,H-coron (~1 hr); H-coron-pol,95.4583333333333,-51.2377222222222
HD 44748 ,06:21:57.2 ,-34:30:43.7 ,H-coron (~1 hr),95.4883333333333,-34.5121388888889
HD 45270 ,06:22:31.0 ,-60:13:07.7 ,H-coron (~1 hr),95.6291666666667,-60.2188055555556
HIP 30344 ,06:22:57.7 ,-24:33:21.6 ,H-coron (~1 hr),95.7404166666667,-24.556
HIP 30729 ,06:27:20.7 ,-33:06:49.9 ,H-coron (~1 hr),96.83625,-33.1138611111111
HIP 31167 ,06:32:23.1 ,-05:52:07.4 ,H-coron (~1 hr),98.09625,-5.86872222222222
HIP 31850 ,06:39:31.5 ,24:35:59.8 ,H-coron (~1 hr),99.88125,24.5999444444444
HIP 31878 ,06:39:50.1 ,-61:28:42.2 ,H-coron (~1 hr),99.95875,-61.4783888888889
TYC 4803-1418-1,06:40:22.4 ,-03:31:59.1 ,H-coron (~1 hr),100.093333333333,-3.53308333333333
HIP 32075 ,06:42:05.5 ,-38:00:13.7 ,H-coron (~1 hr),100.522916666667,-38.0038055555556
* 26 Gem ,06:42:24.3 ,17:38:43.1 ,H-coron (~1 hr),100.60125,17.6453055555556
TYC 4803-625-1,06:43:01.0 ,-02:53:19.3 ,H-coron (~1 hr); H-coron-pol,100.754166666667,-2.88869444444444
HIP 32235 ,06:43:46.3 ,-71:58:35.8 ,H-coron (~1 hr),100.942916666667,-71.9766111111111
HIP 32349 ,06:45:08.9 ,-16:42:58.0 ,H-coron (~1 hr),101.287083333333,-16.7161111111111
HD 50571 ,06:50:01.0 ,-60:14:57.9 ,H-coron (~1 hr); H-coron-pol,102.504166666667,-60.2494166666667
HIP 32938 ,06:51:42.5 ,-36:13:48.5 ,H-coron (~1 hr),102.927083333333,-36.2301388888889
HD 50554 ,06:54:42.8 ,24:14:44.0 ,H-coron (~1 hr); H-coron-pol,103.678333333333,24.2455555555556
HD 51797 ,06:56:23.5 ,-46:46:55.0 ,H-coron (~1 hr),104.097916666667,-46.7819444444444
HD 53143 ,06:59:59.7 ,-61:20:10.2 ,H-coron (~1 hr); H-coron-pol,104.99875,-61.3361666666667
HIP 33705 ,07:00:09.8 ,-31:08:30.5 ,H-coron (~1 hr),105.040833333333,-31.1418055555556
HD 55279 ,07:00:30.4 ,-79:41:45.9 ,H-coron (~1 hr); H-coron-pol,105.126666666667,-79.6960833333333
HIP 34271 ,07:06:16.8 ,22:41:00.6 ,H-coron (~1 hr),106.57,22.6835
HIP 34782 ,07:12:04.1 ,-30:49:17.0 ,H-coron (~1 hr),108.017083333333,-30.8213888888889
HIP 35350 ,07:18:05.6 ,16:32:25.7 ,H-coron (~1 hr),109.523333333333,16.5404722222222
HIP 35564 ,07:20:21.4 ,-52:18:41.0 ,H-coron (~1 hr),110.089166666667,-52.3113888888889
TYC 8132-2110-1,07:20:21.9 ,-52:18:33.3 ,H-coron (~1 hr),110.09125,-52.30925
HIP 35567 ,07:20:23.0 ,-56:17:41.3 ,H-coron (~1 hr); H-coron-pol,110.095833333333,-56.2948055555556
TYC 7116-2739-1,07:22:16.3 ,-35:55:06.6 ,H-coron (~1 hr),110.567916666667,-35.9185
HIP 35884 ,07:23:53.8 ,-17:24:48.2 ,H-coron (~1 hr),110.974166666667,-17.4133888888889
HIP 36071 ,07:25:57.2 ,-02:14:54.5 ,H-coron (~1 hr),111.488333333333,-2.24847222222222
HD 59704 ,07:29:31.4 ,-38:07:21.0 ,H-coron (~1 hr),112.380833333333,-38.1225
HD 59967 ,07:30:42.6 ,-37:20:22.1 ,H-coron (~1 hr),112.6775,-37.3394722222222
HIP 36832 ,07:34:28.0 ,-52:58:05.4 ,H-coron (~1 hr),113.616666666667,-52.9681666666667
HD 61005 ,07:35:47.5 ,-32:12:14.7 ,H-coron (~1 hr); H-coron-pol,113.947916666667,-32.2040833333333
TYC 1365-1688-1,07:36:01.1 ,18:08:29.5 ,H-coron (~1 hr),114.004583333333,18.1415277777778
HIP 37288 ,07:39:23.0 ,02:11:01.2 ,H-coron (~1 hr),114.845833333333,2.18366666666667
HD 62237 ,07:42:26.5 ,-16:17:00.3 ,H-coron (~1 hr),115.610416666667,-16.2834166666667
HIP 37563 ,07:42:36.1 ,-59:17:51.0 ,H-coron (~1 hr),115.650416666667,-59.2975
HIP 37718 ,07:44:12.5 ,-50:27:24.2 ,H-coron (~1 hr),116.052083333333,-50.4567222222222
HIP 37727 ,07:44:16.5 ,-50:27:59.8 ,H-coron (~1 hr),116.06875,-50.4666111111111
GJ 285 ,07:44:40.2 ,03:33:08.8 ,H-coron (~1 hr),116.1675,3.55244444444444
HIP 37879 ,07:45:50.9 ,-07:31:46.4 ,H-coron (~1 hr),116.462083333333,-7.52955555555556
HD 63608 ,07:46:17.0 ,-59:48:34.0 ,H-coron (~1 hr),116.570833333333,-59.8094444444444
HR 3070 ,07:49:12.9 ,-60:17:01.0 ,H-coron (~1 hr),117.30375,-60.2836111111111
HIP 38188 ,07:49:29.3 ,-54:54:04.4 ,H-coron (~1 hr),117.372083333333,-54.9012222222222
BD +07 1919 ,08:07:09.1 ,07:23:00.1 ,H-coron (~1 hr),121.787916666667,7.38336111111111
TYC 195-2572-1,08:11:15.1 ,01:16:36.4 ,H-coron (~1 hr),122.812916666667,1.27677777777778
HIP 40706 ,08:18:33.3 ,-36:39:33.4 ,H-coron (~1 hr); H-coron-pol,124.63875,-36.6592777777778
HIP 40916 ,08:21:00.5 ,-52:13:40.9 ,H-coron (~1 hr),125.252083333333,-52.2280277777778
HD 70573 ,08:22:50.0 ,01:51:34.0 ,H-coron (~1 hr),125.708333333333,1.85944444444444
HIP 41081 ,08:22:55.2 ,-52:07:25.6 ,H-coron (~1 hr); H-coron-pol,125.73,-52.1237777777778
V* V592 Pup ,08:25:17.7 ,-34:22:01.2 ,H-coron (~1 hr),126.32375,-34.367
HIP 41373 ,08:26:25.2 ,-52:48:27.0 ,H-coron (~1 hr); H-coron-pol,126.605,-52.8075
HIP 41889 ,08:32:30.5 ,15:49:26.2 ,H-coron (~1 hr),128.127083333333,15.8239444444444
HD 72687 ,08:33:15.4 ,-29:57:23.8 ,H-coron (~1 hr); H-coron-pol,128.314166666667,-29.9566111111111
HIP 42172 ,08:35:51.0 ,06:37:12.8 ,H-coron (~1 hr),128.9625,6.62022222222222
V401 Hya ,08:37:50.5 ,-06:48:25.2 ,H-coron (~1 hr),129.460416666667,-6.807
* eta Cha ,08:41:19.5 ,-78:57:48.0 ,H-coron (~1 hr); H-coron-pol,130.33125,-78.9633333333333
HIP 42806 ,08:43:17.2 ,21:28:06.9 ,H-coron (~1 hr),130.821666666667,21.4685833333333
HIP 42808 ,08:43:18.0 ,-38:52:57.0 ,H-coron (~1 hr),130.825,-38.8825
HIP 43290 ,08:49:05.7 ,-39:57:16.0 ,H-coron (~1 hr),132.27375,-39.9544444444444
HIP 43771 ,08:54:57.2 ,-24:23:39.4 ,H-coron (~1 hr),133.738333333333,-24.3942777777778
HIP 43970 ,08:57:14.9 ,15:19:21.9 ,H-coron (~1 hr); H-coron-pol,134.312083333333,15.32275
HIP 44001 ,08:57:35.2 ,15:34:52.6 ,H-coron (~1 hr); H-coron-pol,134.396666666667,15.5812777777778
TYC 6589-789-1,08:59:18.3 ,-24:43:43.9 ,H-coron (~1 hr),134.82625,-24.7288611111111
HIP 44526 ,09:04:20.8 ,-15:54:51.0 ,H-coron (~1 hr),136.086666666667,-15.9141666666667
HIP 45238 ,09:13:12.0 ,-69:43:01.9 ,H-coron (~1 hr),138.3,-69.7171944444444
HIP 45950 ,09:22:17.7 ,06:17:51.3 ,H-coron (~1 hr); H-coron-pol,140.57375,6.29758333333333
HIP 46422 ,09:27:57.5 ,-66:06:07.7 ,H-coron (~1 hr),141.989583333333,-66.1021388888889
HIP 46634 ,09:30:35.0 ,10:36:00.0 ,H-coron (~1 hr),142.645833333333,10.6
HIP 46816 ,09:32:25.6 ,-11:11:04.7 ,H-coron (~1 hr),143.106666666667,-11.1846388888889
HD 82943 ,09:34:50.7 ,-12:07:46.3 ,H-coron (~1 hr); H-coron-pol,143.71125,-12.1295277777778
TYC 6601-1855-1,09:35:12.2 ,-23:50:39.4 ,H-coron (~1 hr),143.800833333333,-23.8442777777778
TYC 4900-1772-1,09:35:12.2 ,-05:50:56.6 ,H-coron (~1 hr),143.800833333333,-5.84905555555556
HD 84075 ,09:36:18.0 ,-78:20:42.0 ,H-coron (~1 hr); H-coron-pol,144.075,-78.345
HD 83946 ,09:38:54.1 ,-64:59:26.7 ,H-coron (~1 hr),144.725416666667,-64.99075
TYC 6606-1001-1,09:41:41.9 ,-25:57:51.8 ,H-coron (~1 hr); H-coron-pol,145.424583333333,-25.9643888888889
CPD-55 2452B ,09:42:40.6 ,-55:49:53.4 ,H-coron (~1 hr),145.669166666667,-55.8315
TYC 8589-1882-1,09:42:40.8 ,-55:49:55.0 ,H-coron (~1 hr),145.67,-55.8319444444444
HIP 47681 ,09:43:20.3 ,-29:48:14.7 ,H-coron (~1 hr),145.834583333333,-29.8040833333333
BD+17 2140 ,09:49:40.6 ,16:22:13.8 ,H-coron (~1 hr),147.419166666667,16.3705
HIP 48273 ,09:50:30.1 ,04:20:37.1 ,H-coron (~1 hr),147.625416666667,4.34363888888889
HIP 48341 ,09:51:14.0 ,-04:14:35.8 ,H-coron (~1 hr),147.808333333333,-4.24327777777778
HIP 49165 ,10:02:00.5 ,-34:10:25.0 ,H-coron (~1 hr),150.502083333333,-34.1736111111111
V* AN Sex ,10:12:17.6 ,-03:44:44.3 ,H-coron (~1 hr),153.073333333333,-3.74563888888889
HD 298936 ,10:13:14.7 ,-52:30:53.9 ,H-coron (~1 hr),153.31125,-52.5149722222222
HD 88742 ,10:13:24.7 ,-33:01:54.2 ,H-coron (~1 hr),153.352916666667,-33.0317222222222
HIP 50191 ,10:14:44.2 ,-42:07:18.9 ,H-coron (~1 hr),153.684166666667,-42.1219166666667
HIP 50534 ,10:19:16.3 ,-11:22:42.2 ,H-coron (~1 hr),154.817916666667,-11.3783888888889
TYC 251-1015-1,10:19:28.6 ,06:34:59.1 ,H-coron (~1 hr); H-coron-pol,154.869166666667,6.58308333333333
HIP 50693 ,10:21:07.9 ,-17:59:05.6 ,H-coron (~1 hr),155.282916666667,-17.9848888888889
HD 90712 ,10:27:47.8 ,-34:23:58.1 ,H-coron (~1 hr),156.949166666667,-34.3994722222222
TYC 8601-4517-1,10:28:17.9 ,-52:33:40.0 ,H-coron (~1 hr),157.074583333333,-52.5611111111111
TYC 8601-1851-1,10:28:18.5 ,-52:33:42.0 ,H-coron (~1 hr),157.077083333333,-52.5616666666667
BD+01 2447 ,10:28:55.5 ,00:50:27.6 ,H-coron (~1 hr),157.23125,0.841
HD 90905 ,10:29:42.2 ,01:29:28.0 ,H-coron (~1 hr),157.425833333333,1.49111111111111
HIP 51907 ,10:36:17.4 ,-10:35:00.3 ,H-coron (~1 hr),159.0725,-10.5834166666667
V* CE Ant ,10:42:30.1 ,-33:40:16.2 ,H-coron (~1 hr); H-coron-pol,160.625416666667,-33.6711666666667
V419 Hya ,10:43:28.3 ,-29:03:51.1 ,H-coron (~1 hr); H-coron-pol,160.867916666667,-29.0641944444444
HIP 52787 ,10:47:31.2 ,-22:20:52.8 ,H-coron (~1 hr),161.88,-22.348
HIP 53217 ,10:53:04.5 ,-20:37:41.0 ,H-coron (~1 hr),163.26875,-20.6280555555556
HIP53524 ,10:57:03.1 ,-68:40:02.6 ,H-coron (~1 hr); H-coron-pol,164.262916666667,-68.6673888888889
HIP 53771 ,11:00:08.3 ,-51:49:04.1 ,H-coron (~1 hr),165.034583333333,-51.8178055555556
V* TW Hya ,11:01:51.9 ,-34:42:17.0 ,H-coron (~1 hr); H-coron-pol,165.46625,-34.7047222222222
HIP 53954 ,11:02:19.8 ,20:10:47.1 ,H-coron (~1 hr); H-coron-pol,165.5825,20.17975
HIP 54155 ,11:04:41.5 ,-04:13:15.9 ,H-coron (~1 hr),166.172916666667,-4.22108333333333
HIP 54477 ,11:08:44.0 ,-28:04:50.2 ,H-coron (~1 hr),167.183333333333,-28.0806111111111
GJ 1144 ,11:16:22.1 ,-14:41:36.1 ,H-coron (~1 hr),169.092083333333,-14.6933611111111
HIP 55130 ,11:17:12.1 ,-38:00:51.8 ,H-coron (~1 hr),169.300416666667,-38.0143888888889
HIP 55487 ,11:21:49.8 ,-24:11:23.0 ,H-coron (~1 hr),170.4575,-24.1897222222222
HD 99827 ,11:25:17.7 ,-84:57:16.0 ,H-coron (~1 hr),171.32375,-84.9544444444444
HIP 55943 ,11:27:55.4 ,11:00:36.2 ,H-coron (~1 hr),171.980833333333,11.0100555555556
HIP 56367 ,11:33:16.7 ,-03:24:08.2 ,H-coron (~1 hr),173.319583333333,-3.40227777777778
HIP56379 ,11:33:25.5 ,-70:11:41.2 ,H-coron (~1 hr); H-coron-pol,173.35625,-70.1947777777778
HIP 56445 ,11:34:22.0 ,03:03:36.6 ,H-coron (~1 hr),173.591666666667,3.06016666666667
HIP 57013 ,11:41:19.9 ,-43:05:44.4 ,H-coron (~1 hr),175.332916666667,-43.0956666666667
HIP 57207 ,11:43:49.8 ,-35:14:52.8 ,H-coron (~1 hr); H-coron-pol,175.9575,-35.248
HIP 57460 ,11:46:42.3 ,-19:28:11.2 ,H-coron (~1 hr),176.67625,-19.4697777777778
HD 102458 ,11:47:24.5 ,-49:53:03.0 ,H-coron (~1 hr); H-coron-pol,176.852083333333,-49.8841666666667
HIP 57562 ,11:47:54.9 ,08:14:45.1 ,H-coron (~1 hr),176.97875,8.24586111111111
HIP 57632 ,11:49:03.6 ,14:34:19.4 ,H-coron (~1 hr),177.265,14.5720555555556
HD 103234 ,11:53:08.0 ,-56:43:38.1 ,H-coron (~1 hr); H-coron-pol,178.283333333333,-56.72725
HIP58167 ,11:55:43.6 ,-54:10:50.4 ,H-coron (~1 hr),178.931666666667,-54.1806666666667
HIP 58180 ,11:55:57.1 ,-77:00:30.2 ,H-coron (~1 hr),178.987916666667,-77.0083888888889
HIP 58240 ,11:56:42.3 ,-32:16:05.4 ,H-coron (~1 hr),179.17625,-32.2681666666667
HIP 58241 ,11:56:43.8 ,-32:16:02.7 ,H-coron (~1 hr),179.1825,-32.2674166666667
HIP58465 ,11:59:23.8 ,-57:10:04.7 ,H-coron (~1 hr),179.849166666667,-57.1679722222222
HIP58528 ,12:00:09.4 ,-57:07:01.9 ,H-coron (~1 hr),180.039166666667,-57.1171944444444
HD 104467 ,12:01:39.1 ,-78:59:16.9 ,H-coron (~1 hr),180.412916666667,-78.9880277777778
HIP58720 ,12:02:37.8 ,-69:11:32.2 ,H-coron (~1 hr); H-coron-pol,180.6575,-69.1922777777778
HIP59282 ,12:09:38.8 ,-58:20:58.7 ,H-coron (~1 hr); H-coron-pol,182.411666666667,-58.3496388888889
HIP 59315 ,12:10:06.5 ,-49:10:50.7 ,H-coron (~1 hr),182.527083333333,-49.18075
HIP 59394 ,12:11:03.9 ,-23:36:08.5 ,H-coron (~1 hr); H-coron-pol,182.76625,-23.6023611111111
HIP59397 ,12:11:05.9 ,-56:24:04.8 ,H-coron (~1 hr); H-coron-pol,182.774583333333,-56.4013333333333
HIP59413 ,12:11:14.8 ,-52:13:03.1 ,H-coron (~1 hr),182.811666666667,-52.2175277777778
HIP59481 ,12:11:58.9 ,-50:46:12.4 ,H-coron (~1 hr),182.995416666667,-50.7701111111111
HD 106444 ,12:14:50.7 ,-55:47:23.5 ,H-coron (~1 hr); H-coron-pol,183.71125,-55.7898611111111
TYC 8637-2610-1,12:14:52.2 ,-55:47:03.7 ,H-coron (~1 hr),183.7175,-55.7843611111111
HIP59724 ,12:14:56.4 ,-47:56:54.5 ,H-coron (~1 hr); H-coron-pol,183.735,-47.9484722222222
HIP 59726 ,12:14:57.4 ,-41:08:22.0 ,H-coron (~1 hr),183.739166666667,-41.1394444444444
TWA 25 ,12:15:31 ,-39:48:42 ,H-coron (~1 hr); H-coron-pol,183.879166666667,-39.8116666666667
HIP59898 ,12:17:06.4 ,-65:41:34.6 ,H-coron (~1 hr); H-coron-pol,184.276666666667,-65.6929444444444
HIP59960 ,12:17:53.2 ,-55:58:31.8 ,H-coron (~1 hr); H-coron-pol,184.471666666667,-55.9755
HD 107146 ,12:19:06.5 ,16:32:53.9 ,H-coron (~1 hr); H-coron-pol,184.777083333333,16.5483055555556
HIP60183 ,12:20:28.3 ,-65:50:33.5 ,H-coron (~1 hr); H-coron-pol,185.117916666667,-65.8426388888889
HD 107722 ,12:23:29.0 ,-77:40:51.0 ,H-coron (~1 hr),185.870833333333,-77.6808333333333
HIP60459 ,12:23:42.2 ,-63:52:12.2 ,H-coron (~1 hr),185.925833333333,-63.8700555555556
HIP 60595 ,12:25:11.8 ,-11:36:37.8 ,H-coron (~1 hr),186.299166666667,-11.6105
HD 108611 ,12:29:02.2 ,-64:55:00.6 ,H-coron (~1 hr),187.259166666667,-64.9168333333333
HIP61049 ,12:30:46.3 ,-58:11:16.7 ,H-coron (~1 hr); H-coron-pol,187.692916666667,-58.1879722222222
HIP61087 ,12:31:12.7 ,-61:54:31.4 ,H-coron (~1 hr),187.802916666667,-61.9087222222222
eta CrV ,12:32:04.2 ,-16:11:45.6 ,H-coron (~1 hr); H-coron-pol,188.0175,-16.196
HIP 61468 ,12:35:45.6 ,-41:01:18.8 ,H-coron (~1 hr),188.94,-41.0218888888889
HR 4796 ,12:36:01.1 ,-39:52:10.0 ,H-coron (~1 hr); H-coron-pol,189.004583333333,-39.8694444444444
HIP61684 ,12:38:42.8 ,-68:45:49.0 ,H-coron (~1 hr); H-coron-pol,189.678333333333,-68.7636111111111
HD 109908 ,12:38:49.0 ,-51:12:56.1 ,H-coron (~1 hr); H-coron-pol,189.704166666667,-51.2155833333333
TYC 9412-59-1,12:39:21.2 ,-75:02:39.2 ,H-coron (~1 hr),189.838333333333,-75.0442222222222
HIP61782 ,12:39:46.2 ,-49:11:55.4 ,H-coron (~1 hr); H-coron-pol,189.9425,-49.1987222222222
HIP 61960 ,12:41:53.1 ,10:14:08.3 ,H-coron (~1 hr); H-coron-pol,190.47125,10.2356388888889
HIP62134 ,12:44:02.0 ,-53:30:20.5 ,H-coron (~1 hr),191.008333333333,-53.5056944444444
HIP 62403 ,12:47:19.0 ,-66:14:14.8 ,H-coron (~1 hr); H-coron-pol,191.829166666667,-66.2374444444444
HIP 62482 ,12:48:17 ,-67:07:52 ,H-coron (~1 hr); H-coron-pol,192.070833333333,-67.1311111111111
HIP62657 ,12:50:19.8 ,-49:51:48.8 ,H-coron (~1 hr); H-coron-pol,192.5825,-49.8635555555556
HIP63236 ,12:57:26.3 ,-67:57:38.4 ,H-coron (~1 hr); H-coron-pol,194.359583333333,-67.9606666666667
CD-69 1055 ,12:58:25.5 ,-70:28:49.2 ,H-coron (~1 hr),194.60625,-70.4803333333333
HIP 63439 ,12:59:59 ,-50:23:22 ,H-coron (~1 hr); H-coron-pol,194.995833333333,-50.3894444444444
HIP 63734 ,13:03:39.0 ,-16:20:11.7 ,H-coron (~1 hr),195.9125,-16.3365833333333
HIP63836 ,13:04:59.5 ,-47:23:48.4 ,H-coron (~1 hr); H-coron-pol,196.247916666667,-47.3967777777778
HIP 63862 ,13:05:16.8 ,-50:51:24.0 ,H-coron (~1 hr),196.32,-50.8566666666667
HIP 63905 ,13:05:46.3 ,-18:49:33.0 ,H-coron (~1 hr),196.442916666667,-18.8258333333333
HD 113853 ,13:06:59.1 ,-37:44:40.1 ,H-coron (~1 hr),196.74625,-37.7444722222222
HIP64184 ,13:09:16.2 ,-60:18:29.9 ,H-coron (~1 hr); H-coron-pol,197.3175,-60.3083055555556
HD 114613 ,13:12:03.2 ,-37:48:11.0 ,H-coron (~1 hr),198.013333333333,-37.8030555555556
HD 115383 ,13:16:46.5 ,09:25:27.0 ,H-coron (~1 hr),199.19375,9.42416666666667
HIP 64822 ,13:17:13.9 ,-43:58:46.0 ,H-coron (~1 hr),199.307916666667,-43.9794444444444
61 Vir ,13:18:24.3 ,-18:18:40.3 ,H-coron (~1 hr); H-coron-pol,199.60125,-18.3111944444444
HIP64995 ,13:19:19.6 ,-59:28:20.3 ,H-coron (~1 hr); H-coron-pol,199.831666666667,-59.4723055555556
HIP65089 ,13:20:26.8 ,-49:13:25.0 ,H-coron (~1 hr); H-coron-pol,200.111666666667,-49.2236111111111
HIP 65109 ,13:20:35.8 ,-36:42:44.3 ,H-coron (~1 hr),200.149166666667,-36.7123055555556
HIP 65198 ,13:21:41.6 ,02:05:14.1 ,H-coron (~1 hr),200.423333333333,2.08725
HIP 65208 ,13:21:49.8 ,-36:06:44.0 ,H-coron (~1 hr),200.4575,-36.1122222222222
HIP65875 ,13:30:09.0 ,-58:29:04.2 ,H-coron (~1 hr); H-coron-pol,202.5375,-58.4845
HIP65965 ,13:31:31.0 ,-46:44:06.7 ,H-coron (~1 hr); H-coron-pol,202.879166666667,-46.7351944444444
HIP 66065 ,13:32:36.0 ,-28:41:33.8 ,H-coron (~1 hr),203.15,-28.6927222222222
HIP 66121 ,13:33:13.7 ,-77:34:09.8 ,H-coron (~1 hr),203.307083333333,-77.5693888888889
HIP 66200 ,13:34:07.9 ,03:39:32.5 ,H-coron (~1 hr),203.532916666667,3.65902777777778
HIP66454 ,13:37:23.5 ,-46:25:40.2 ,H-coron (~1 hr),204.347916666667,-46.4278333333333
HIP66722 ,13:40:37.7 ,-44:19:48.7 ,H-coron (~1 hr),205.157083333333,-44.3301944444444
HIP66821 ,13:41:44.8 ,-54:33:33.7 ,H-coron (~1 hr),205.436666666667,-54.5593611111111
TYC 8262-2044-1,13:43:22.0 ,-46:38:08.6 ,H-coron (~1 hr),205.841666666667,-46.6357222222222
HIP67199 ,13:46:14.5 ,-54:40:59.9 ,H-coron (~1 hr),206.560416666667,-54.6833055555556
HIP67497 ,13:49:54.5 ,-50:14:23.7 ,H-coron (~1 hr); H-coron-pol,207.477083333333,-50.2399166666667
HIP67957 ,13:55:01.3 ,-50:45:01.9 ,H-coron (~1 hr),208.755416666667,-50.7505277777778
G 150-52 ,13:57:16.1 ,23:21:44.3 ,H-coron (~1 hr); H-coron-pol,209.317083333333,23.3623055555556
TYC 1470-9-1,13:58:13.6 ,19:17:11.9 ,H-coron (~1 hr),209.556666666667,19.2866388888889
HIP68335 ,13:59:18.1 ,-51:53:34.0 ,H-coron (~1 hr),209.825416666667,-51.8927777777778
HIP68781 ,14:04:42.2 ,-50:04:16.9 ,H-coron (~1 hr); H-coron-pol,211.175833333333,-50.0713611111111
HD 122973 ,14:05:10.6 ,-09:02:54.6 ,H-coron (~1 hr),211.294166666667,-9.0485
HIP 68994 ,14:07:29.3 ,-61:33:43.9 ,H-coron (~1 hr),211.872083333333,-61.5621944444444
HIP 69592 ,14:14:40.9 ,21:52:24.3 ,H-coron (~1 hr),213.670416666667,21.8734166666667
HIP 69751 ,14:16:32.8 ,20:07:18.7 ,H-coron (~1 hr),214.136666666667,20.1218611111111
HIP 69781 ,14:16:57.9 ,-49:56:42.0 ,H-coron (~1 hr),214.24125,-49.945
HD 125283 ,14:19:23.9 ,-37:00:10.1 ,H-coron (~1 hr),214.849583333333,-37.0028055555556
HD 125485 ,14:23:39.1 ,-72:48:29.5 ,H-coron (~1 hr),215.912916666667,-72.8081944444444
HD 126246 B ,14:24:05.4 ,11:14:57.8 ,H-coron (~1 hr),216.0225,11.2493888888889
TYC 912-1575-1,14:24:05.5 ,11:14:57.5 ,H-coron (~1 hr),216.022916666667,11.2493055555556
HIP70441 ,14:24:37.0 ,-47:10:39.7 ,H-coron (~1 hr); H-coron-pol,216.154166666667,-47.1776944444444
HIP70558 ,14:25:58.5 ,-44:49:23.2 ,H-coron (~1 hr),216.49375,-44.8231111111111
HIP70689 ,14:27:30.5 ,-52:31:30.2 ,H-coron (~1 hr),216.877083333333,-52.5250555555556
HIP70697 ,14:27:33.6 ,-46:12:48.5 ,H-coron (~1 hr),216.89,-46.2134722222222
HIP70833 ,14:29:07.2 ,-43:21:42.6 ,H-coron (~1 hr),217.28,-43.3618333333333
HIP71271 ,14:34:33.5 ,-46:18:17.1 ,H-coron (~1 hr); H-coron-pol,218.639583333333,-46.30475
HIP71321 ,14:35:05.4 ,-43:33:16.1 ,H-coron (~1 hr),218.7725,-43.5544722222222
HIP 71743 ,14:40:31.1 ,-16:12:33.4 ,H-coron (~1 hr),220.129583333333,-16.2092777777778
HIP 71855 ,14:41:52.5 ,-75:08:22.0 ,H-coron (~1 hr),220.46875,-75.1394444444445
HIP 71899 ,14:42:23.1 ,21:17:35.1 ,H-coron (~1 hr),220.59625,21.2930833333333
HD 129181 ,14:42:43.5 ,-48:47:58.6 ,H-coron (~1 hr),220.68125,-48.7996111111111
HIP 72070 ,14:44:31 ,-39:59:21 ,H-coron (~1 hr); H-coron-pol,221.129166666667,-39.9891666666667
HIP 72048 ,14:44:14.1 ,-69:40:26.8 ,H-coron (~1 hr),221.05875,-69.6741111111111
HD 129679 ,14:44:16.8 ,-11:37:02.4 ,H-coron (~1 hr),221.07,-11.6173333333333
TYC 6750-1743-2,14:46:00.6 ,-25:26:39.9 ,H-coron (~1 hr),221.5025,-25.4444166666667
HIP72627 ,14:50:58.7 ,-42:49:20.8 ,H-coron (~1 hr),222.744583333333,-42.8224444444445
HD 131435 ,14:54:54.8 ,-41:21:53.1 ,H-coron (~1 hr),223.728333333333,-41.36475
HD 130943 ,14:55:46.1 ,-73:09:59.8 ,H-coron (~1 hr),223.942083333333,-73.1666111111111
HIP73145 ,14:56:54.5 ,-35:41:43.4 ,H-coron (~1 hr); H-coron-pol,224.227083333333,-35.6953888888889
HIP73266 ,14:58:24.3 ,-37:21:44.7 ,H-coron (~1 hr),224.60125,-37.3624166666667
HD 132173 ,14:58:30.5 ,-28:42:34.3 ,H-coron (~1 hr),224.627083333333,-28.7095277777778
HD 133295 ,15:04:33.1 ,-28:18:00.2 ,H-coron (~1 hr),226.137916666667,-28.3000555555556
HIP73990 ,15:07:15.0 ,-29:30:15.9 ,H-coron (~1 hr); H-coron-pol,226.8125,-29.5044166666667
BD+09 3000A ,15:07:32.9 ,09:13:33.7 ,H-coron (~1 hr),226.887083333333,9.22602777777778
HIP 74049 ,15:07:57.8 ,-45:34:45.9 ,H-coron (~1 hr),226.990833333333,-45.5794166666667
HIP 74380 ,15:11:57.7 ,-48:44:37.3 ,H-coron (~1 hr),227.990416666667,-48.7436944444444
V* NY Aps ,15:12:23.4 ,-75:15:15.6 ,H-coron (~1 hr),228.0975,-75.2543333333333
HIP 74493 ,15:13:19.2 ,-19:38:51.0 ,H-coron (~1 hr),228.33,-19.6475
HIP74499 ,15:13:28.0 ,-33:08:50.0 ,H-coron (~1 hr); H-coron-pol,228.366666666667,-33.1472222222222
HD 135271 ,15:15:13.9 ,-30:58:40.1 ,H-coron (~1 hr),228.807916666667,-30.9778055555556
HIP 74689 ,15:15:49.1 ,00:22:19.6 ,H-coron (~1 hr),228.954583333333,0.372111111111111
HIP 74696 ,15:15:53.7 ,-48:04:25.1 ,H-coron (~1 hr),228.97375,-48.0736388888889
HIP 74824 ,15:17:30.9 ,-58:48:04.3 ,H-coron (~1 hr); H-coron-pol,229.37875,-58.8011944444444
HIP74865 ,15:17:56.1 ,-30:28:41.2 ,H-coron (~1 hr),229.48375,-30.4781111111111
HIP 74931 ,15:18:42.2 ,10:25:26.7 ,H-coron (~1 hr),229.675833333333,10.4240833333333
HIP 74946 ,15:18:54.7 ,-68:40:46.1 ,H-coron (~1 hr); H-coron-pol,229.727916666667,-68.6794722222222
HIP74959 ,15:19:05.4 ,-36:21:44.0 ,H-coron (~1 hr); H-coron-pol,229.7725,-36.3622222222222
HIP75077 ,15:20:31.4 ,-28:17:13.3 ,H-coron (~1 hr); H-coron-pol,230.130833333333,-28.2870277777778
HIP75210 ,15:22:11.3 ,-37:38:08.0 ,H-coron (~1 hr); H-coron-pol,230.547083333333,-37.6355555555556
HIP 75379 ,15:24:11.9 ,-10:19:20.2 ,H-coron (~1 hr),231.049583333333,-10.3222777777778
HIP75480 ,15:25:09.4 ,-26:34:30.7 ,H-coron (~1 hr),231.289166666667,-26.5751944444444
HIP75915 ,15:30:21.3 ,-41:55:08.3 ,H-coron (~1 hr),232.58875,-41.9189722222222
HIP 76028 ,15:31:42.6 ,-20:09:51.8 ,H-coron (~1 hr),232.9275,-20.1643888888889
HIP 76063 ,15:32:04.2 ,-38:37:21.2 ,H-coron (~1 hr); H-coron-pol,233.0175,-38.6225555555556
HIP76084 ,15:32:20.2 ,-31:08:33.7 ,H-coron (~1 hr),233.084166666667,-31.1426944444444
CD-51 9202 ,15:32:36.7 ,-52:21:20.7 ,H-coron (~1 hr),233.152916666667,-52.35575
HIP 76276 ,15:34:48.1 ,10:32:19.9 ,H-coron (~1 hr),233.700416666667,10.5388611111111
HIP 76310 ,15:35:16 ,-25:44:03 ,H-coron (~1 hr); H-coron-pol,233.816666666667,-25.7341666666667
V343 Nor ,15:38:57.5 ,-57:42:27.3 ,H-coron (~1 hr),234.739583333333,-57.7075833333333
HIP76633 ,15:39:00.1 ,-19:43:57.0 ,H-coron (~1 hr),234.750416666667,-19.7325
g Lup ,15:41:11.4 ,-44:39:40.3 ,H-coron (~1 hr); H-coron-pol,235.2975,-44.6611944444444
HIP76875 ,15:41:53.2 ,-34:53:19.6 ,H-coron (~1 hr),235.471666666667,-34.8887777777778
HIP 77310 ,15:47:00.2 ,-62:47:47.6 ,H-coron (~1 hr),236.750833333333,-62.7965555555556
HIP77317 ,15:47:06.2 ,-35:31:04.7 ,H-coron (~1 hr); H-coron-pol,236.775833333333,-35.5179722222222
HIP77432 ,15:48:24.8 ,-42:37:04.7 ,H-coron (~1 hr); H-coron-pol,237.103333333333,-42.6179722222222
HIP 77464 ,15:48:56.8 ,-03:49:06.7 ,H-coron (~1 hr); H-coron-pol,237.236666666667,-3.81852777777778
HIP77520 ,15:49:39.7 ,-38:46:38.7 ,H-coron (~1 hr),237.415416666667,-38.7774166666667
HIP 77541 ,15:49:57.5 ,-48:54:44.7 ,H-coron (~1 hr),237.489583333333,-48.9124166666667
HD 141569 ,15:49:57.8 ,-03:55:16.2 ,H-coron (~1 hr); H-coron-pol,237.490833333333,-3.92116666666667
HIP77545 ,15:49:59.8 ,-25:09:03.4 ,H-coron (~1 hr),237.499166666667,-25.1509444444444
HIP 77622 ,15:50:49.0 ,04:28:39.8 ,H-coron (~1 hr),237.704166666667,4.47772222222222
NZ Lup ,15:53:27.3 ,-42:16:00.7 ,H-coron (~1 hr); H-coron-pol,238.36375,-42.2668611111111
HIP77911 ,15:54:41.6 ,-22:45:58.3 ,H-coron (~1 hr); H-coron-pol,238.673333333333,-22.7661944444444
HIP78043 ,15:56:05.6 ,-36:53:34.1 ,H-coron (~1 hr); H-coron-pol,239.023333333333,-36.8928055555556
HIP 78045 ,15:56:06.0 ,-60:28:56.3 ,H-coron (~1 hr); H-coron-pol,239.025,-60.4823055555556
HIP78099 ,15:56:47.9 ,-23:11:02.5 ,H-coron (~1 hr),239.199583333333,-23.1840277777778
HD 142415 ,15:57:40.8 ,-60:12:01.0 ,H-coron (~1 hr),239.42,-60.2002777777778
HIP78196 ,15:57:59.4 ,-31:43:43.9 ,H-coron (~1 hr),239.4975,-31.7288611111111
HIP78207 ,15:58:11.4 ,-14:16:45.5 ,H-coron (~1 hr); H-coron-pol,239.5475,-14.2793055555556
HIP 78343 ,15:59:47.7 ,-35:50:43.0 ,H-coron (~1 hr),239.94875,-35.8452777777778
HIP 78553 ,16:02:16.1 ,-73:30:54.8 ,H-coron (~1 hr),240.567083333333,-73.5152222222222
HIP78555 ,16:02:18.5 ,-35:16:11.5 ,H-coron (~1 hr),240.577083333333,-35.2698611111111
HIP78641 ,16:03:13.6 ,-35:17:14.7 ,H-coron (~1 hr); H-coron-pol,240.806666666667,-35.2874166666667
HIP78663 ,16:03:33.4 ,-30:08:13.2 ,H-coron (~1 hr),240.889166666667,-30.137
TYC 945-806-1,16:06:10.3 ,08:35:44.4 ,H-coron (~1 hr),241.542916666667,8.59566666666667
HIP78996 ,16:07:29.9 ,-23:57:02.2 ,H-coron (~1 hr); H-coron-pol,241.874583333333,-23.9506111111111
HD 145229 ,16:09:26.6 ,11:34:28.1 ,H-coron (~1 hr),242.360833333333,11.5744722222222
HIP 79203 ,16:09:55.3 ,-18:20:26.2 ,H-coron (~1 hr),242.480416666667,-18.3406111111111
HIP79288 ,16:10:55.1 ,-25:31:21.4 ,H-coron (~1 hr); H-coron-pol,242.729583333333,-25.5226111111111
HIP79410 ,16:12:21.8 ,-19:34:44.4 ,H-coron (~1 hr); H-coron-pol,243.090833333333,-19.579
HIP79516 ,16:13:34.4 ,-45:49:03.4 ,H-coron (~1 hr); H-coron-pol,243.393333333333,-45.8176111111111
HIP79599 ,16:14:28.9 ,-21:06:27.2 ,H-coron (~1 hr); H-coron-pol,243.620416666667,-21.1075555555556
HIP 79730 ,16:16:19.6 ,-01:38:53.3 ,H-coron (~1 hr),244.081666666667,-1.64813888888889
HIP79742 ,16:16:28.4 ,-38:44:12.1 ,H-coron (~1 hr); H-coron-pol,244.118333333333,-38.7366944444444
HIP 79797 ,16:17:05.5 ,-67:56:28.0 ,H-coron (~1 hr); H-coron-pol,244.272916666667,-67.9411111111111
HIP 79881 ,16:18:17.9 ,-28:36:50.5 ,H-coron (~1 hr); H-coron-pol,244.574583333333,-28.6140277777778
HD 146610 ,16:18:38.5 ,-38:39:11.8 ,H-coron (~1 hr),244.660416666667,-38.6532777777778
HIP 79958 ,16:19:15.9 ,-55:30:17.0 ,H-coron (~1 hr),244.81625,-55.5047222222222
HIP79977 ,16:19:29.3 ,-21:24:13.0 ,H-coron (~1 hr); H-coron-pol,244.872083333333,-21.4036111111111
HIP 80065 ,16:20:32.5 ,-45:48:35.0 ,H-coron (~1 hr),245.135416666667,-45.8097222222222
HIP80088 ,16:20:50.2 ,-22:35:38.6 ,H-coron (~1 hr); H-coron-pol,245.209166666667,-22.5940555555556
HIP 80170 ,16:21:55.2 ,19:09:10.9 ,H-coron (~1 hr),245.48,19.1530277777778
HIP80324 ,16:23:56.7 ,-33:11:57.6 ,H-coron (~1 hr),245.98625,-33.1993333333333
HD 147513 ,16:24:01.3 ,-39:11:35.0 ,H-coron (~1 hr),246.005416666667,-39.1930555555556
TYC 959-989-1,16:26:48.9 ,08:23:26.0 ,H-coron (~1 hr),246.70375,8.39055555555555
HIP80591 ,16:27:14.6 ,-39:49:21.7 ,H-coron (~1 hr),246.810833333333,-39.8226944444445
TYC 5626-979-1,16:27:29.0 ,-08:34:19.2 ,H-coron (~1 hr),246.870833333333,-8.572
HIP 80686 ,16:28:28.1 ,-70:05:03.8 ,H-coron (~1 hr),247.117083333333,-70.0843888888889
HIP 81068 ,16:33:30.1 ,17:49:43.2 ,H-coron (~1 hr),248.375416666667,17.8286666666667
HIP 81425 ,16:37:48.0 ,13:41:13.9 ,H-coron (~1 hr),249.45,13.6871944444444
HIP 81592 ,16:39:47.0 ,-51:59:39.0 ,H-coron (~1 hr),249.945833333333,-51.9941666666667
HD 150554 ,16:40:56.5 ,21:56:53.3 ,H-coron (~1 hr),250.235416666667,21.9481388888889
HIP 82303 ,16:48:59.8 ,-08:55:47.7 ,H-coron (~1 hr),252.249166666667,-8.92991666666667
HD 151798 ,16:50:05.2 ,-12:23:14.8 ,H-coron (~1 hr),252.521666666667,-12.3874444444444
HIP82397 ,16:50:10.7 ,-26:44:32.9 ,H-coron (~1 hr); H-coron-pol,252.544583333333,-26.7424722222222
HIP82534 ,16:52:13.3 ,-26:55:10.6 ,H-coron (~1 hr),253.055416666667,-26.9196111111111
HD 152555 ,16:54:08.1 ,-04:20:24.7 ,H-coron (~1 hr),253.53375,-4.34019444444444
HIP 82747 ,16:54:45 ,-36:53:19 ,H-coron (~1 hr); H-coron-pol,253.6875,-36.8886111111111
HIP 83187 ,17:00:06.2 ,-54:35:49.2 ,H-coron (~1 hr); H-coron-pol,255.025833333333,-54.597
TYC 410-2888-1,17:06:56.7 ,06:47:48.1 ,H-coron (~1 hr),256.73625,6.79669444444444
HD 154734 ,17:06:57.5 ,06:48:02.9 ,H-coron (~1 hr),256.739583333333,6.80080555555556
HIP 83962 ,17:09:48.0 ,-10:31:23.9 ,H-coron (~1 hr),257.45,-10.5233055555556
HIP 84121 ,17:11:51.2 ,-45:52:27.6 ,H-coron (~1 hr),257.963333333333,-45.8743333333333
HIP 84150 ,17:12:16.2 ,-39:30:24.4 ,H-coron (~1 hr),258.0675,-39.5067777777778
TYC 8739-1303-2,17:12:58.9 ,-58:35:47.0 ,H-coron (~1 hr),258.245416666667,-58.5963888888889
HIP 84397 ,17:15:17.3 ,-07:12:06.0 ,H-coron (~1 hr),258.822083333333,-7.20166666666667
HIP 84586 ,17:17:25.5 ,-66:57:03.7 ,H-coron (~1 hr),259.35625,-66.9510277777778
HIP 84881 ,17:20:51 ,-45:25:15 ,H-coron (~1 hr); H-coron-pol,260.2125,-45.4208333333333
HIP 85038 ,17:22:47.9 ,-58:28:23.7 ,H-coron (~1 hr),260.699583333333,-58.47325
HIP 85157 ,17:24:06.6 ,22:57:37.4 ,H-coron (~1 hr); H-coron-pol,261.0275,22.9603888888889
HD 157587 ,17:24:52.2 ,-18:51:33.2 ,H-coron (~1 hr); H-coron-pol,261.2175,-18.8592222222222
TYC 7883-2069-1,17:25:34.3 ,-38:48:39.7 ,H-coron (~1 hr),261.392916666667,-38.8110277777778
HIP 85307 ,17:25:57.8 ,-01:39:06.8 ,H-coron (~1 hr),261.490833333333,-1.65188888888889
HIP 85360 ,17:26:34.9 ,-32:58:11.0 ,H-coron (~1 hr),261.645416666667,-32.9697222222222
CD-54 7336 ,17:29:55.0 ,-54:15:48.6 ,H-coron (~1 hr),262.479166666667,-54.2635
HIP 85922 ,17:33:29.9 ,-05:44:40.5 ,H-coron (~1 hr); H-coron-pol,263.374583333333,-5.74458333333333
HIP 86305 ,17:38:05.5 ,-54:30:01.6 ,H-coron (~1 hr); H-coron-pol,264.522916666667,-54.5004444444444
HD 160305 ,17:41:49.0 ,-50:43:28.0 ,H-coron (~1 hr),265.454166666667,-50.7244444444444
HIP 86672 ,17:42:30.4 ,-28:44:56.0 ,H-coron (~1 hr),265.626666666667,-28.7488888888889
TYC 424-1952-1,17:46:25.4 ,03:58:48.9 ,H-coron (~1 hr),266.605833333333,3.98025
HD 161012 ,17:46:48.5 ,-59:06:14.7 ,H-coron (~1 hr),266.702083333333,-59.1040833333333
HIP 87108 ,17:47:53.6 ,02:42:26.9 ,H-coron (~1 hr); H-coron-pol,266.973333333333,2.70747222222222
TYC 8750-480-1,17:57:31.7 ,-57:39:51.0 ,H-coron (~1 hr),269.382083333333,-57.6641666666667
HD 164249 ,18:03:03.4 ,-51:38:55.7 ,H-coron (~1 hr); H-coron-pol,270.764166666667,-51.6488055555556
HIP 88694 ,18:06:23.7 ,-36:01:11.0 ,H-coron (~1 hr),271.59875,-36.0197222222222
HIP 89805 ,18:19:40.1 ,-63:53:11.6 ,H-coron (~1 hr),274.917083333333,-63.8865555555556
HIP 90133 ,18:23:36.4 ,-75:02:39.6 ,H-coron (~1 hr),275.901666666667,-75.0443333333333
TYC 7401-2446-1,18:24:50.6 ,-34:11:26.4 ,H-coron (~1 hr),276.210833333333,-34.1906666666667
L 206-187 ,18:30:11.9 ,-58:16:27.6 ,H-coron (~1 hr),277.549583333333,-58.2743333333333
HD 170773 ,18:33:00.9 ,-39:53:31.3 ,H-coron (~1 hr); H-coron-pol,278.25375,-39.8920277777778
HIP 90991 ,18:33:39.0 ,-14:51:12.9 ,H-coron (~1 hr),278.4125,-14.8535833333333
HIP 91043 ,18:34:20.2 ,18:41:24.7 ,H-coron (~1 hr),278.584166666667,18.6901944444444
HIP 91217 ,18:36:27.8 ,09:07:21.0 ,H-coron (~1 hr),279.115833333333,9.1225
HIP 92024 ,18:45:26.9 ,-64:52:16.5 ,H-coron (~1 hr); H-coron-pol,281.362083333333,-64.87125
HIP 92161 ,18:47:01.3 ,18:10:53.5 ,H-coron (~1 hr),281.755416666667,18.1815277777778
PZ Tel ,18:53:05.9 ,-50:10:50.0 ,H-coron (~1 hr),283.274583333333,-50.1805555555556
HIP 92871 ,18:55:27.4 ,08:24:09.6 ,H-coron (~1 hr),283.864166666667,8.40266666666667
HD 175726 ,18:56:37.2 ,04:15:55.2 ,H-coron (~1 hr),284.155,4.26533333333333
HIP 93375 ,19:01:06.0 ,-28:42:49.7 ,H-coron (~1 hr),285.275,-28.7138055555556
HD 176383 ,19:01:28.6 ,-34:22:35.5 ,H-coron (~1 hr); H-coron-pol,285.369166666667,-34.3765277777778
TYC 466-1374-1,19:02:17.1 ,02:44:22.0 ,H-coron (~1 hr),285.57125,2.73944444444444
rho Tel ,19:06:19.9 ,-52:20:26.3 ,H-coron (~1 hr),286.582916666667,-52.3406388888889
HIP 94020 ,19:08:31.7 ,-30:58:21.1 ,H-coron (~1 hr),287.132083333333,-30.9725277777778
HIP 94050 ,19:08:50.5 ,-42:25:41.0 ,H-coron (~1 hr),287.210416666667,-42.4280555555556
HIP 94114 ,19:09:28.3 ,-37:54:16.1 ,H-coron (~1 hr); H-coron-pol,287.367916666667,-37.9044722222222
HIP 95261 ,19:22:51.2 ,-54:25:26.2 ,H-coron (~1 hr); H-coron-pol,290.713333333333,-54.4239444444444
HD 181327 ,19:22:58.9 ,-54:32:17.0 ,H-coron (~1 hr); H-coron-pol,290.745416666667,-54.5380555555556
HD 181869 ,19:23:53.2 ,-40:36:57.4 ,H-coron (~1 hr),290.971666666667,-40.6159444444444
HD 182681 ,19:26:56.5 ,-29:44:35.2 ,H-coron (~1 hr); H-coron-pol,291.735416666667,-29.7431111111111
HIP 95793 ,19:29:01.0 ,01:57:01.9 ,H-coron (~1 hr),292.254166666667,1.95052777777778
HD 183216 ,19:29:40.6 ,-30:47:51.9 ,H-coron (~1 hr); H-coron-pol,292.419166666667,-30.79775
TYC 7429-1696-1,19:30:57.4 ,-32:41:56.7 ,H-coron (~1 hr),292.739166666667,-32.6990833333333
HIP 96334 ,19:35:09.7 ,-69:58:32.0 ,H-coron (~1 hr),293.790416666667,-69.9755555555556
HD 185181 ,19:38:51.5 ,-25:52:19.5 ,H-coron (~1 hr),294.714583333333,-25.8720833333333
HIP 96880 ,19:41:35.7 ,-72:26:45.7 ,H-coron (~1 hr); H-coron-pol,295.39875,-72.4460277777778
HIP 97229 ,19:45:39.9 ,07:36:47.4 ,H-coron (~1 hr),296.41625,7.61316666666667
HIP 97423 ,19:48:03.0 ,-13:42:12.8 ,H-coron (~1 hr),297.0125,-13.7035555555556
HIP 97557 ,19:49:44.0 ,-32:45:49.7 ,H-coron (~1 hr),297.433333333333,-32.7638055555556
HIP 97944 ,19:54:17.8 ,-23:56:27.9 ,H-coron (~1 hr),298.574166666667,-23.9410833333333
HIP 98470 ,20:00:20.3 ,-33:42:12.4 ,H-coron (~1 hr),300.084583333333,-33.7034444444445
HD 188228 ,20:00:35.6 ,-72:54:37.8 ,H-coron (~1 hr),300.148333333333,-72.9105
CD-50 12781 ,20:02:36.2 ,-50:03:00.3 ,H-coron (~1 hr),300.650833333333,-50.0500833333333
HIP 98839 ,20:04:18.1 ,-26:19:46.3 ,H-coron (~1 hr),301.075416666667,-26.3295277777778
HD 190081 ,20:04:36.5 ,-35:12:51.1 ,H-coron (~1 hr),301.152083333333,-35.2141944444444
TYC 9098-1297-1,20:07:19.8 ,-65:51:08.8 ,H-coron (~1 hr),301.8325,-65.8524444444444
HD 191089 ,20:09:05.2 ,-26:13:26.5 ,H-coron (~1 hr); H-coron-pol,302.271666666667,-26.2240277777778
HIP 99742 ,20:14:16.6 ,15:11:50.9 ,H-coron (~1 hr); H-coron-pol,303.569166666667,15.1974722222222
HIP 99803 ,20:14:56.1 ,-56:58:34.5 ,H-coron (~1 hr),303.73375,-56.97625
CPD-57 9635B ,20:14:56.4 ,-56:58:28.8 ,H-coron (~1 hr),303.735,-56.9746666666667
HD 193924 ,20:25:38.9 ,-56:44:05.6 ,H-coron (~1 hr),306.412083333333,-56.7348888888889
HIP 100787 ,20:26:04.7 ,-46:39:35.8 ,H-coron (~1 hr); H-coron-pol,306.519583333333,-46.6599444444444
HIP 101022 ,20:28:49.9 ,-01:44:04.1 ,H-coron (~1 hr),307.207916666667,-1.73447222222222
HIP 101120 ,20:29:52.6 ,-18:35:10.3 ,H-coron (~1 hr),307.469166666667,-18.5861944444444
HIP 101123 ,20:29:53.9 ,-18:34:59.5 ,H-coron (~1 hr),307.474583333333,-18.5831944444444
HIP 101483 ,20:33:57.0 ,13:01:37.9 ,H-coron (~1 hr),308.4875,13.0271944444444
HD 195830 ,20:34:46.9 ,-33:55:19.0 ,H-coron (~1 hr),308.695416666667,-33.9219444444444
HD 195627 ,20:35:34.9 ,-60:34:54.3 ,H-coron (~1 hr); H-coron-pol,308.895416666667,-60.58175
HIP 101800 ,20:37:49.1 ,11:22:39.7 ,H-coron (~1 hr); H-coron-pol,309.454583333333,11.3776944444444
AU Mic ,20:45:09.5 ,-31:20:27.2 ,H-coron (~1 hr); H-coron-pol,311.289583333333,-31.3408888888889
HIP 102531 ,20:46:38.9 ,16:07:26.9 ,H-coron (~1 hr),311.662083333333,16.1241388888889
V* BO Mic ,20:47:45.0 ,-36:35:40.7 ,H-coron (~1 hr),311.9375,-36.5946388888889
CD-28 16938 ,20:49:47.9 ,-28:28:09.1 ,H-coron (~1 hr),312.449583333333,-28.4691944444444
HIP 103107 ,20:53:25.9 ,-49:22:58.1 ,H-coron (~1 hr),313.357916666667,-49.3828055555556
HD 199260 ,20:56:47.3 ,-26:17:46.4 ,H-coron (~1 hr),314.197083333333,-26.2962222222222
TYC 8804-1150-1,20:57:22.4 ,-59:04:33.4 ,H-coron (~1 hr),314.343333333333,-59.0759444444444
HIP 103460 ,20:57:40.6 ,-16:01:53.6 ,H-coron (~1 hr),314.419166666667,-16.0315555555556
HIP 104239 ,21:07:10.4 ,-13:55:23.0 ,H-coron (~1 hr),316.793333333333,-13.9230555555556
HIP 104308 ,21:07:51.2 ,-54:12:58.8 ,H-coron (~1 hr),316.963333333333,-54.2163333333333
HIP 104365 ,21:08:33.6 ,-21:11:36.6 ,H-coron (~1 hr),317.14,-21.1935
TYC 8797-1377-1,21:10:25.4 ,-54:34:26.0 ,H-coron (~1 hr),317.605833333333,-54.5738888888889
TYC 8797-1377-2,21:10:25.7 ,-54:34:28.1 ,H-coron (~1 hr),317.607083333333,-54.5744722222222
TYC 5784-205-1,21:12:22.4 ,-14:59:58.0 ,H-coron (~1 hr),318.093333333333,-14.9994444444444
TYC 6347-1583-1,21:12:22.6 ,-15:00:00.0 ,H-coron (~1 hr),318.094166666667,-15
HIP 104864 ,21:14:32.8 ,-22:52:41.1 ,H-coron (~1 hr),318.636666666667,-22.8780833333333
HIP 105044 ,21:16:37.9 ,-36:10:24.1 ,H-coron (~1 hr),319.157916666667,-36.1733611111111
HIP 105156 ,21:18:05.2 ,-29:30:48.2 ,H-coron (~1 hr),319.521666666667,-29.5133888888889
HIP 105184 ,21:18:27.3 ,-43:20:05.0 ,H-coron (~1 hr),319.61375,-43.3347222222222
HD 202917 ,21:20:49.9 ,-53:02:02.4 ,H-coron (~1 hr); H-coron-pol,320.207916666667,-53.034
HIP 105404 ,21:20:59.8 ,-52:28:40.1 ,H-coron (~1 hr),320.249166666667,-52.4778055555556
HIP 105441 ,21:21:24.5 ,-66:54:57.4 ,H-coron (~1 hr),320.352083333333,-66.9159444444444
HIP 105612 ,21:23:27.1 ,-75:29:38.6 ,H-coron (~1 hr),320.862916666667,-75.4940555555556
HIP 105712 ,21:24:40.6 ,-68:13:40.2 ,H-coron (~1 hr),321.169166666667,-68.2278333333333
HIP 105860 ,21:26:26.6 ,19:22:32.2 ,H-coron (~1 hr),321.610833333333,19.3756111111111
HD 205674 ,21:37:21.1 ,-18:26:28.2 ,H-coron (~1 hr); H-coron-pol,324.337916666667,-18.4411666666667
HD 205905 ,21:39:10.2 ,-27:18:24.0 ,H-coron (~1 hr),324.7925,-27.3066666666667
HIP 107095 ,21:41:32.9 ,-14:02:51.4 ,H-coron (~1 hr),325.387083333333,-14.0476111111111
HN Peg ,21:44:31.3 ,14:46:19.0 ,H-coron (~1 hr),326.130416666667,14.7719444444444
HD 206893 ,21:45:21.9 ,-12:47:00.0 ,H-coron (~1 hr); H-coron-pol,326.34125,-12.7833333333333
HD 207129 ,21:48:15.8 ,-47:18:13.0 ,H-coron (~1 hr); H-coron-pol,327.065833333333,-47.3036111111111
HIP 107947 ,21:52:09.7 ,-62:03:08.5 ,H-coron (~1 hr); H-coron-pol,328.040416666667,-62.0523611111111
HIP 108060 ,21:53:37.4 ,19:40:06.2 ,H-coron (~1 hr),328.405833333333,19.6683888888889
HIP 108405 ,21:57:41.2 ,-51:00:22.0 ,H-coron (~1 hr),329.421666666667,-51.0061111111111
HD 209253 ,22:02:33.0 ,-32:08:01.5 ,H-coron (~1 hr); H-coron-pol,330.6375,-32.13375
HD 209100 ,22:03:21.7 ,-56:47:10.0 ,H-coron (~1 hr),330.840416666667,-56.7861111111111
HIP 108912 ,22:03:42.4 ,-60:26:15.0 ,H-coron (~1 hr),330.926666666667,-60.4375
HD 209952 ,22:08:14.0 ,-46:57:39.5 ,H-coron (~1 hr),332.058333333333,-46.9609722222222
HIP 109285 ,22:08:23.0 ,-32:59:18.2 ,H-coron (~1 hr),332.095833333333,-32.9883888888889
V* CS Gru ,22:15:35.2 ,-39:00:50.6 ,H-coron (~1 hr),333.896666666667,-39.0140555555556
BD-14 6241 ,22:16:00.6 ,-14:11:02.3 ,H-coron (~1 hr),334.0025,-14.1839722222222
HIP 110935 ,22:28:37.7 ,-67:29:20.6 ,H-coron (~1 hr),337.157083333333,-67.4890555555556
HIP 111188 ,22:31:30.3 ,-32:20:45.7 ,H-coron (~1 hr); H-coron-pol,337.87625,-32.3460277777778
39 Peg ,22:32:35.5 ,20:13:48.0 ,H-coron (~1 hr); H-coron-pol,338.147916666667,20.23
HIP 111594 ,22:36:29.3 ,-40:34:57.0 ,H-coron (~1 hr),339.122083333333,-40.5825
HD 214867 ,22:41:45.4 ,-39:27:41.9 ,H-coron (~1 hr),340.439166666667,-39.4616388888889
CPD-72 2713 ,22:42:48.9 ,-71:42:21.2 ,H-coron (~1 hr),340.70375,-71.7058888888889
TYC 1701-642-1,22:44:41.5 ,17:54:18.3 ,H-coron (~1 hr),341.172916666667,17.9050833333333
V* WW PsA ,22:44:57.9 ,-33:15:01.7 ,H-coron (~1 hr),341.24125,-33.2504722222222
HIP 112515 ,22:47:26.7 ,-44:57:55.0 ,H-coron (~1 hr),341.86125,-44.9652777777778
HIP 112581 ,22:48:06.9 ,-37:45:24.0 ,H-coron (~1 hr),342.02875,-37.7566666666667
HIP 112714 ,22:49:32.2 ,10:28:43.3 ,H-coron (~1 hr),342.384166666667,10.4786944444444
TW PsA ,22:56:24.1 ,-31:33:56.0 ,H-coron (~1 hr),344.100416666667,-31.5655555555556
Fomalhaut ,22:57:39.0 ,-29:37:20.0 ,H-coron (~1 hr); H-coron-pol,344.4125,-29.6222222222222
HD 217343 ,23:00:19.3 ,-26:09:13.5 ,H-coron (~1 hr),345.080416666667,-26.15375
MT Peg ,23:03:05.0 ,20:55:06.9 ,H-coron (~1 hr),345.770833333333,20.9185833333333
HIP 113839 ,23:03:11.6 ,-47:15:19.1 ,H-coron (~1 hr),345.798333333333,-47.2553055555556
HR 8799 ,23:07:28.7 ,21:08:03.3 ,H-coron (~1 hr); H-coron-pol,346.869583333333,21.13425
HIP 114530 ,23:11:52.1 ,-45:08:10.0 ,H-coron (~1 hr),347.967083333333,-45.1361111111111
HIP 114948 ,23:16:57.7 ,-62:00:04.3 ,H-coron (~1 hr),349.240416666667,-62.0011944444444
HIP 115527 ,23:24:06.3 ,-07:33:03.0 ,H-coron (~1 hr); H-coron-pol,351.02625,-7.55083333333333
HIP 115738 ,23:26:56.0 ,01:15:20.2 ,H-coron (~1 hr); H-coron-pol,351.733333333333,1.25561111111111
CD-86 147 ,23:27:49.4 ,-86:13:18.7 ,H-coron (~1 hr),351.955833333333,-86.2218611111111
GJ 1284 ,23:30:13.4 ,-20:23:27.4 ,H-coron (~1 hr),352.555833333333,-20.3909444444444
HIP 116063 ,23:31:02.9 ,-69:04:36.3 ,H-coron (~1 hr),352.762083333333,-69.07675
TYC 5835-239-1,23:32:22.7 ,-13:39:07.0 ,H-coron (~1 hr),353.094583333333,-13.6519444444444
BD-13 6424 ,23:32:30.8 ,-12:15:51.4 ,H-coron (~1 hr),353.128333333333,-12.2642777777778
HIP 116258 ,23:33:23.8 ,-12:39:53.0 ,H-coron (~1 hr),353.349166666667,-12.6647222222222
HD 221853 ,23:35:36.2 ,08:22:57.4 ,H-coron (~1 hr); H-coron-pol,353.900833333333,8.38261111111111
HIP 116611 ,23:37:56.8 ,18:24:02.2 ,H-coron (~1 hr),354.486666666667,18.4006111111111
TYC 9339-2157-1,23:39:39.2 ,-69:11:39.5 ,H-coron (~1 hr),354.913333333333,-69.1943055555556
TYC 9339-55-1,23:39:39.4 ,-69:11:44.8 ,H-coron (~1 hr),354.914166666667,-69.1957777777778
HIP 116928 ,23:42:02.8 ,01:46:48.1 ,H-coron (~1 hr),355.511666666667,1.78002777777778
HIP 116971 ,23:42:43.3 ,-14:32:41.7 ,H-coron (~1 hr),355.680416666667,-14.5449166666667
HIP 117219 ,23:46:01.2 ,-40:10:56.9 ,H-coron (~1 hr),356.505,-40.1824722222222
HIP 117452 ,23:48:55.6 ,-28:07:49.0 ,H-coron (~1 hr); H-coron-pol,357.231666666667,-28.1302777777778
HIP 117481 ,23:49:19.6 ,-27:51:14.9 ,H-coron (~1 hr); H-coron-pol,357.331666666667,-27.8541388888889
HIP 118008 ,23:56:10.7 ,-39:03:08.4 ,H-coron (~1 hr); H-coron-pol,359.044583333333,-39.0523333333333
HIP 118121 ,23:57:35.0 ,-64:17:53.1 ,H-coron (~1 hr),359.395833333333,-64.2980833333333
