,S_Type,Distance_distance,FLUX_I,FLUX_H,Fe_H_Teff,Class,subtype,Mbol,Lum,Teff,Mass
0,A8/9V,64.7027,,6.2709999084472665,0,A,8,2.61,7.112135136533293,7800.0,1.53
1,G0V,38.8457,,6.189000129699707,6126,G,0,4.33,1.4588142602753487,5950.0,1.04
2,F3V,39.9602,5.739999771118164,5.330999851226807,6715,F,3,3.425,3.3573761424295476,6865.0,1.27
3,G2V,38.523,6.9000000953674325,6.14900016784668,5873,G,2,4.54,1.2022644346174132,5770.0,0.986
4,G6V+G7V,,,,5778,G,6,4.9,0.8629785477669701,5510.0,0.879
5,G8V,45.847,7.933000087738037,7.0869998931884775,5540,G,8,5.09,0.7244359600749902,5370.0,0.829
6,F7V,45.9124,,6.170000076293945,6490,F,7,3.99,1.9952623149688797,6275.0,1.125
7,G8V,17.5648,,4.989999771118164,5336,G,8,5.09,0.7244359600749902,5370.0,0.829
8,F6V,47.0788,6.699999809265138,6.0900001525878915,6432,F,6,3.86,2.2490546058357817,6400.0,1.16
9,F8V,42.9701,,6.248000144958496,6147,F,8,4.12,1.7701089583174212,6150.0,1.09
10,G2.5V,21.3102,,5.0349998474121085,5756,G,2,4.54,1.2022644346174132,5770.0,0.986
11,A5IVn,22.2639,3.7000000476837163,3.539999961853028,7922,A,5,2.1149999999999998,11.220184543019641,8410.0,1.725
12,A1Va,56.1284,,4.7709999084472665,0,A,1,1.44,20.892961308540407,9370.0,2.005
13,B8/A0,42.993,,4.677000045776367,10825,B,8,-0.1,86.29785477669702,12000.0,2.84
14,K4Ve,44.4988,8.23799991607666,6.7210001945495605,4376,K,4,6.02,0.307609681474071,4590.0,0.693
15,F2V,57.0985,,6.059000015258789,7164,F,2,3.27,3.8725764492161727,7040.0,1.31
16,G1V+K5V,,,,5828,G,1,4.4350000000000005,1.3243415351946644,5860.0,1.013
17,F7V,44.1766,,6.2170000076293945,6378,F,7,3.99,1.9952623149688797,6275.0,1.125
18,A3VpSrCr_Ksn,68.4336,,5.584000110626222,0,A,3,1.795,15.066070661867425,8830.0,1.865
19,F7/8V,40.9774,6.4000000953674325,5.693999767303468,6273,F,7,3.99,1.9952623149688797,6275.0,1.125
20,F7V,55.4545,,6.714000225067139,0,F,7,3.99,1.9952623149688797,6275.0,1.125
21,G5,29.9171,6.699999809265138,5.940000057220459,5779,G,5,4.805,0.9418895965228418,5575.0,0.906
22,K0V,35.7191,,6.796000003814697,5149,K,0,5.31,0.5915616341754742,5200.0,0.781
23,G5V,50.6758,,7.252999782562256,5742,G,5,4.805,0.9418895965228418,5575.0,0.906
24,K0III,109.3589,7.89300012588501,6.681000232696532,0,K,0,5.31,0.5915616341754742,5200.0,0.781
25,F7V,41.2376,,5.0879998207092285,6848,F,7,3.99,1.9952623149688797,6275.0,1.125
26,F6V,87.4929,,7.664000034332275,0,F,6,3.86,2.2490546058357817,6400.0,1.16
27,G9V,35.3321,,6.65399980545044,5421,G,9,5.199999999999999,0.6546361740672755,5285.0,0.8049999999999999
28,G7V,45.3145,7.7729997634887695,6.946000099182129,5597,G,7,4.995,0.7906786279998251,5440.0,0.854
29,G6V,46.3521,,6.861999988555907,5777,G,6,4.9,0.8629785477669701,5510.0,0.879
30,K1V,39.8438,,6.943999767303468,4720,K,1,5.465,0.512861383991365,5065.0,0.7595000000000001
31,A0V,70.8331,,5.026000022888184,9333,A,0,1.24,25.11886431509581,9700.0,2.07
32,A1V,57.0666,5.539999961853027,5.527999877929688,8790,A,1,1.44,20.892961308540407,9370.0,2.005
33,K0/1V,24.0441,6.816999912261963,5.9000000953674325,5415,K,0,5.31,0.5915616341754742,5200.0,0.781
34,G1V,26.726,,4.526000022888184,5782,G,1,4.4350000000000005,1.3243415351946644,5860.0,1.013
35,F2IV/V,71.1541,7.130000114440918,6.689000129699707,6775,F,2,3.27,3.8725764492161727,7040.0,1.31
36,F9V,17.3444,,4.400000095367432,6222,F,9,4.225,1.6069412530128782,6050.0,1.065
37,G8V,3.6033,2.4100000858306885,1.7200000286102295,5358,G,8,5.09,0.7244359600749902,5370.0,0.829
38,A1V,60.9674,,5.026000022888184,9110,A,1,1.44,20.892961308540407,9370.0,2.005
39,F0V,65.5811,,6.35099983215332,6976,F,0,2.95,5.199959965335161,7420.0,1.4
40,G4V,41.4115,7.342999935150146,6.554999828338622,5691,G,4,4.71,1.0280162981264738,5640.0,0.933
41,G7V,49.5349,7.869999885559082,6.986000061035156,5551,G,7,4.995,0.7906786279998251,5440.0,0.854
42,F7V,45.61,,6.303999900817871,6263,F,7,3.99,1.9952623149688797,6275.0,1.125
43,B8IV,46.0955,3.75,3.8199999332427983,14180,B,8,-0.1,86.29785477669702,12000.0,2.84
44,G0V,73.9087,,7.328000068664551,6006,G,0,4.33,1.4588142602753487,5950.0,1.04
45,M1V,27.1928,,7.560999870300293,3849,M,1,8.12,0.04446312674691091,3550.0,0.358
46,G2V,50.391000000000005,,6.9099998474121085,5858,G,2,4.54,1.2022644346174132,5770.0,0.986
47,F4IV,49.004,6.329999923706055,5.860000133514403,6801,F,4,3.58,2.910717118066606,6690.0,1.23
48,K7V,11.5373,6.992000102996826,5.125999927520752,3831,K,7,6.66,0.17060823890031235,4125.0,0.616
49,F8V,57.8754,,6.699999809265138,0,F,8,4.12,1.7701089583174212,6150.0,1.09
50,G8V,58.6975,,6.632999897003174,0,G,8,5.09,0.7244359600749902,5370.0,0.829
51,F0/2III/IV,57.9321,6.329999923706055,5.9710001945495605,7025,F,0,2.95,5.199959965335161,7420.0,1.4
52,B9Va,47.3577,,4.433000087738037,10575,B,9,0.57,46.55860935229591,10850.0,2.455
53,A1Vb,40.4734,,4.619999885559082,9132,A,1,1.44,20.892961308540407,9370.0,2.005
54,F8VFe-0.4,21.9251,,4.65500020980835,6253,F,8,4.12,1.7701089583174212,6150.0,1.09
55,F6V,48.9409,,4.295000076293944,6702,F,6,3.86,2.2490546058357817,6400.0,1.16
57,K6Ve,44.4373,8.807000160217285,7.234000205993652,4100,K,6,6.44,0.20892961308540386,4260.0,0.647
58,F8V,17.3267,,4.320000171661377,6237,F,8,4.12,1.7701089583174212,6150.0,1.09
59,M0Ve,48.7648,,7.361000061035156,3208,M,0,7.55,0.07516228940182057,3700.0,0.454
60,F7V,38.8597,,5.993000030517577,6246,F,7,3.99,1.9952623149688797,6275.0,1.125
61,F3IV/V,48.1983,,5.629000186920166,6903,F,3,3.425,3.3573761424295476,6865.0,1.27
62,G5V,33.0646,7.4000000953674325,5.677000045776367,0,G,5,4.805,0.9418895965228418,5575.0,0.906
63,A2V,51.7149,,5.156000137329102,8408,A,2,1.64,17.378008287493763,9040.0,1.94
64,K1V,40.1263,7.815000057220459,6.651000022888184,4965,K,1,5.465,0.512861383991365,5065.0,0.7595000000000001
65,K1V,10.3584,4.889999866485597,4.130000114440918,5056,K,1,5.465,0.512861383991365,5065.0,0.7595000000000001
66,A2V,51.1253,,,0,A,2,1.64,17.378008287493763,9040.0,1.94
67,G4V,48.8892,,6.931000232696532,5780,G,4,4.71,1.0280162981264738,5640.0,0.933
68,A3V,54.2211,,5.85099983215332,8147,A,3,1.795,15.066070661867425,8830.0,1.865
69,M1Ve,19.56,8.371999740600586,6.578000068664551,3792,M,1,8.12,0.04446312674691091,3550.0,0.358
70,K7Ve,32.2262,8.548000335693361,6.852000236511231,3900,K,7,6.66,0.17060823890031235,4125.0,0.616
71,G8/K0V,38.7061,7.639999866485597,6.7940001487731925,5500,G,8,5.09,0.7244359600749902,5370.0,0.829
72,F7V,42.7751,,5.8439998626708975,6301,F,7,3.99,1.9952623149688797,6275.0,1.125
73,A2/3III/IV,79.46600000000001,6.690000057220459,6.443999767303468,0,A,2,1.64,17.378008287493763,9040.0,1.94
74,A3V,59.7693,,,8299,A,3,1.795,15.066070661867425,8830.0,1.865
75,F3V,,,,6865,F,3,3.425,3.3573761424295476,6865.0,1.27
76,G5V,9.1457,3.910000085830689,3.3499999046325684,5929,G,5,4.805,0.9418895965228418,5575.0,0.906
77,A3IV/V,69.6427,6.25,6.114999771118164,8433,A,3,1.795,15.066070661867425,8830.0,1.865
78,K2V,3.2028,2.539999961853028,1.75,4999,K,2,5.62,0.4446312674691087,4930.0,0.738
79,K2:Vnk,29.6272,5.0,3.25,4781,K,2,5.62,0.4446312674691087,4930.0,0.738
80,K7V,25.6177,,6.5229997634887695,0,K,7,6.66,0.17060823890031235,4125.0,0.616
81,G8V,56.7966,8.23799991607666,7.304999828338622,5263,G,8,5.09,0.7244359600749902,5370.0,0.829
82,A5III-IV,41.8111,5.300000190734863,5.165999889373778,0,A,5,2.1149999999999998,11.220184543019641,8410.0,1.725
83,M3.0V,16.8022,9.097999572753906,7.173999786376952,3584,M,3,9.415,0.013489628825916547,3250.0,0.193
84,F3IV/V,57.0545,,6.223999977111816,6776,F,3,3.425,3.3573761424295476,6865.0,1.27
85,A1Va,52.6368,,5.366000175476074,0,A,1,1.44,20.892961308540407,9370.0,2.005
86,B9.5Van,52.6995,,4.630000114440918,10046,B,9,0.57,46.55860935229591,10850.0,2.455
87,G4V,52.4554,,6.8379998207092285,5844,G,4,4.71,1.0280162981264738,5640.0,0.933
88,K4V,15.300999999999998,6.723999977111816,5.486000061035156,4696,K,4,6.02,0.307609681474071,4590.0,0.693
89,G3V,,,,5813,G,3,4.625,1.1117317272815914,5705.0,0.9595
90,F7/8V,18.7712,,4.3420000076293945,6403,F,7,3.99,1.9952623149688797,6275.0,1.125
91,F2Vs,34.8476,5.099999904632568,4.576000213623047,6823,F,2,3.27,3.8725764492161727,7040.0,1.31
92,G5V,16.8949,5.199999809265137,4.499000072479248,5912,G,5,4.805,0.9418895965228418,5575.0,0.906
93,F6V,56.9655,,6.695000171661378,6320,F,6,3.86,2.2490546058357817,6400.0,1.16
94,G3V,79.7315,8.397000312805176,7.701000213623048,5801,G,3,4.625,1.1117317272815914,5705.0,0.9595
95,G8V,22.1041,6.195000171661378,5.455999851226807,5656,G,8,5.09,0.7244359600749902,5370.0,0.829
96,G0IV,22.0869,5.699999809265138,5.01200008392334,5999,G,0,4.33,1.4588142602753487,5950.0,1.04
97,F1V,20.4506,,3.469000101089477,7060,F,1,3.1100000000000003,4.487453899331322,7230.0,1.355
98,A3m,29.3125,,4.577000141143799,7541,A,3,1.795,15.066070661867425,8830.0,1.865
99,G9.5Vk:,35.6447,7.920000076293945,6.872000217437744,5028,G,9,5.199999999999999,0.6546361740672755,5285.0,0.8049999999999999
100,F0IV,29.7823,,4.769999980926514,7295,F,0,2.95,5.199959965335161,7420.0,1.4
100,F0IV,29.7823,,4.769999980926514,7295,F,0,2.95,5.199959965335161,7420.0,1.4
101,G3V,54.5099,7.789999961853027,6.96999979019165,0,G,3,4.625,1.1117317272815914,5705.0,0.9595
102,K4V,13.2381,6.665999889373778,5.309999942779541,4454,K,4,6.02,0.307609681474071,4590.0,0.693
103,F2/3IV/V,67.5863,,6.067999839782715,6619,F,2,3.27,3.8725764492161727,7040.0,1.31
104,A3Vb_lB,57.4706,,5.730000019073486,7798,A,3,1.795,15.066070661867425,8830.0,1.865
105,F3V,80.538,7.389999866485597,6.951000213623048,6795,F,3,3.425,3.3573761424295476,6865.0,1.27
106,G2.5IV-V,13.2413,,4.116000175476073,5758,G,2,4.54,1.2022644346174132,5770.0,0.986
107,F7V,62.7857,7.540999889373778,6.991000175476074,6217,F,7,3.99,1.9952623149688797,6275.0,1.125
108,G9V,50.8239,8.057999610900879,7.098999977111816,5311,G,9,5.199999999999999,0.6546361740672755,5285.0,0.8049999999999999
109,M3.3V,15.8328,9.100000381469727,7.1459999084472665,3412,M,3,9.415,0.013489628825916547,3250.0,0.193
110,M3Ve+M4Ve,11.11,8.151000022888184,,0,M,3,9.415,0.013489628825916547,3250.0,0.193
111,G9V,25.7652,,5.88700008392334,5265,G,9,5.199999999999999,0.6546361740672755,5285.0,0.8049999999999999
112,F5V,30.4679,,5.131999969482422,6522,F,5,3.7199999999999998,2.558585886905647,6545.0,1.1949999999999998
113,A0Va_lB,34.2364,,4.517000198364258,9226,A,0,1.24,25.11886431509581,9700.0,2.07
114,M0Ve,26.9008,8.177000045776367,6.428999900817871,4048,M,0,7.55,0.07516228940182057,3700.0,0.454
115,G5V,77.9672,,7.859000205993652,6249,G,5,4.805,0.9418895965228418,5575.0,0.906
116,B9V,60.4825,,5.0219998359680185,10910,B,9,0.57,46.55860935229591,10850.0,2.455
117,A0V,132.7915,,7.624000072479247,0,A,0,1.24,25.11886431509581,9700.0,2.07
118,A2IV,59.2793,,5.401000022888184,8511,A,2,1.64,17.378008287493763,9040.0,1.94
119,F9VFe-0.5,11.6247,,3.407000064849853,6246,F,9,4.225,1.6069412530128782,6050.0,1.065
121,A4V,86.1237,,6.684000015258789,0,A,4,1.95,13.061708881318419,8620.0,1.79
122,F6V,47.6633,6.809999942779541,6.2179999351501465,6299,F,6,3.86,2.2490546058357817,6400.0,1.16
123,G5,55.0925,,7.504000186920166,0,G,5,4.805,0.9418895965228418,5575.0,0.906
124,G1,14.5852,4.400000095367432,4.02899980545044,6170,G,1,4.4350000000000005,1.3243415351946644,5860.0,1.013
125,K6V,17.4793,7.577000141143799,6.105000019073486,0,K,6,6.44,0.20892961308540386,4260.0,0.647
126,G0,92.4129,,7.890999794006348,6014,G,0,4.33,1.4588142602753487,5950.0,1.04
127,F3/5IV/V,92.07,,7.304999828338622,0,F,3,3.425,3.3573761424295476,6865.0,1.27
128,F3V,103.6764,,7.842000007629394,0,F,3,3.425,3.3573761424295476,6865.0,1.27
129,F8V(n)k:,26.8773,,5.086999893188477,6131,F,8,4.12,1.7701089583174212,6150.0,1.09
130,G5V,19.4778,6.190999984741211,5.3420000076293945,5424,G,5,4.805,0.9418895965228418,5575.0,0.906
131,K2+Vk:,36.725,,7.0900001525878915,4848,K,2,5.62,0.4446312674691087,4930.0,0.738
132,G3V,72.4638,8.470000267028809,7.065999984741211,5940,G,3,4.625,1.1117317272815914,5705.0,0.9595
133,F2V,51.5243,,5.853000164031982,6887,F,2,3.27,3.8725764492161727,7040.0,1.31
134,G2V,57.9096,7.64900016784668,6.9749999046325675,5792,G,2,4.54,1.2022644346174132,5770.0,0.986
135,K6Ve,24.64,8.380999565124513,6.829999923706055,0,K,6,6.44,0.20892961308540386,4260.0,0.647
136,A1V,70.4622,,5.992000102996826,9118,A,1,1.44,20.892961308540407,9370.0,2.005
137,K1V,80.4842,,7.929999828338622,0,K,1,5.465,0.512861383991365,5065.0,0.7595000000000001
138,F0IV,44.3801,,5.27899980545044,7015,F,0,2.95,5.199959965335161,7420.0,1.4
139,F4V,59.1139,6.789999961853027,6.2880001068115225,6744,F,4,3.58,2.910717118066606,6690.0,1.23
140,F8,,,,0,F,8,4.12,1.7701089583174212,6150.0,1.09
141,G0V,53.8112,7.486000061035156,6.84499979019165,6049,G,0,4.33,1.4588142602753487,5950.0,1.04
142,K0V(e),47.8721,8.26099967956543,7.1560001373291025,0,K,0,5.31,0.5915616341754742,5200.0,0.781
143,A2IV-V(n),21.8737,,3.313999891281128,8337,A,2,1.64,17.378008287493763,9040.0,1.94
144,A6V,19.7538,3.5799999237060547,3.509999990463257,8052,A,6,2.28,9.63829023623971,8200.0,1.66
145,G7V,47.1333,,7.091000080108643,5458,G,7,4.995,0.7906786279998251,5440.0,0.854
146,K0V,42.5393,,7.060999870300293,5260,K,0,5.31,0.5915616341754742,5200.0,0.781
147,G0V,64.1869,,7.015999794006348,5959,G,0,4.33,1.4588142602753487,5950.0,1.04
148,F5V,57.2007,,6.357999801635742,6525,F,5,3.7199999999999998,2.558585886905647,6545.0,1.1949999999999998
149,G0V,47.9182,,6.535999774932861,6125,G,0,4.33,1.4588142602753487,5950.0,1.04
150,K1V,35.7359,,6.901999950408936,4983,K,1,5.465,0.512861383991365,5065.0,0.7595000000000001
151,M1Ve,22.4041,9.336999893188477,7.28000020980835,3652,M,1,8.12,0.04446312674691091,3550.0,0.358
152,G6.5V,16.7331,5.610000133514403,4.86299991607666,5571,G,6,4.9,0.8629785477669701,5510.0,0.879
153,A3Vas,73.2805,,,8729,A,3,1.795,15.066070661867425,8830.0,1.865
154,G2V,63.1884,,7.447000026702881,5933,G,2,4.54,1.2022644346174132,5770.0,0.986
155,K4Ve,39.2626,8.456000328063965,6.984000205993652,4260,K,4,6.02,0.307609681474071,4590.0,0.693
156,G0V,52.0124,,6.591000080108643,0,G,0,4.33,1.4588142602753487,5950.0,1.04
157,K1V(e),50.12,8.185000419616701,7.0879998207092285,5027,K,1,5.465,0.512861383991365,5065.0,0.7595000000000001
158,A5V,71.4281,,6.297999858856201,7762,A,5,2.1149999999999998,11.220184543019641,8410.0,1.725
159,G6V,60.9522,8.340000152587889,7.581999778747559,5738,G,6,4.9,0.8629785477669701,5510.0,0.879
160,G1V,23.8896,5.869999885559082,5.1599998474121085,5897,G,1,4.4350000000000005,1.3243415351946644,5860.0,1.013
161,K0/1V(+G),29.5131,,5.912000179290772,5783,K,0,5.31,0.5915616341754742,5200.0,0.781
162,G5V,44.2339,,6.811999797821045,5636,G,5,4.805,0.9418895965228418,5575.0,0.906
163,F0Vn,44.3553,,5.006999969482422,7362,F,0,2.95,5.199959965335161,7420.0,1.4
164,F8IV,35.6938,,5.142000198364258,6164,F,8,4.12,1.7701089583174212,6150.0,1.09
165,K7V(e),22.2412,8.222999572753906,6.64300012588501,4170,K,7,6.66,0.17060823890031235,4125.0,0.616
166,G0,60.8472,8.189999580383299,7.019999980926514,0,G,0,4.33,1.4588142602753487,5950.0,1.04
167,G0V,,,,5884,G,0,4.33,1.4588142602753487,5950.0,1.04
168,A2V,47.461999999999996,,5.070000171661377,8892,A,2,1.64,17.378008287493763,9040.0,1.94
169,K0V(+G),36.0719,,6.40500020980835,5619,K,0,5.31,0.5915616341754742,5200.0,0.781
170,G6V,55.5871,8.258999824523926,7.380000114440918,5628,G,6,4.9,0.8629785477669701,5510.0,0.879
171,A1V+DA,,-1.4299999475479126,-1.3300000429153442,9882,A,1,1.44,20.892961308540407,9370.0,2.005
172,F5VFe+0.4,,,5.127999782562256,6534,F,5,3.7199999999999998,2.558585886905647,6545.0,1.1949999999999998
173,A3V,55.4093,,5.5349998474121085,7825,A,3,1.795,15.066070661867425,8830.0,1.865
174,F8V,31.1944,,5.515999794006348,6129,F,8,4.12,1.7701089583174212,6150.0,1.09
175,K0V(e),95.6489,9.210000038146973,7.89300012588501,5206,K,0,5.31,0.5915616341754742,5200.0,0.781
176,G9V,18.3602,5.989999771118164,5.0970001220703125,5326,G,9,5.199999999999999,0.6546361740672755,5285.0,0.8049999999999999
177,F5.5VFe-0.7CH-0.4,38.1233,,5.526000022888184,6503,F,5,3.7199999999999998,2.558585886905647,6545.0,1.1949999999999998
178,K2V,63.7999,9.013999938964844,7.8309998512268075,4938,K,2,5.62,0.4446312674691087,4930.0,0.738
179,G0V,43.1941,,6.708000183105469,5698,G,0,4.33,1.4588142602753487,5950.0,1.04
180,A8III/IV,47.423,,5.459000110626222,7372,A,8,2.61,7.112135136533293,7800.0,1.53
181,A4IV,28.1901,,3.5,8395,A,4,1.95,13.061708881318419,8620.0,1.79
183,F9V,36.649,8.680000305175781,5.260000228881836,0,F,9,4.225,1.6069412530128782,6050.0,1.065
184,A1V,72.2032,,6.394000053405763,0,A,1,1.44,20.892961308540407,9370.0,2.005
186,F7V,36.5938,,5.690999984741211,6287,F,7,3.99,1.9952623149688797,6275.0,1.125
187,G1V,33.9252,,5.73199987411499,6164,G,1,4.4350000000000005,1.3243415351946644,5860.0,1.013
188,F7V,53.3703,,6.508999824523926,6179,F,7,3.99,1.9952623149688797,6275.0,1.125
189,G3V,21.7704,5.945000171661378,5.252999782562256,5768,G,3,4.625,1.1117317272815914,5705.0,0.9595
190,G7V(e),27.7282,,5.797999858856201,5471,G,7,4.995,0.7906786279998251,5440.0,0.854
191,G8Vk,36.4861,,6.578000068664551,5408,G,8,5.09,0.7244359600749902,5370.0,0.829
192,G5,53.4334,,7.327000141143799,0,G,5,4.805,0.9418895965228418,5575.0,0.906
193,M0.0Ve,15.0578,7.776999950408935,6.0920000076293945,3940,M,0,7.55,0.07516228940182057,3700.0,0.454
194,G6IV/V,124.7723,,7.949999809265138,0,G,6,4.9,0.8629785477669701,5510.0,0.879
195,G3V,32.9118,,5.86299991607666,5860,G,3,4.625,1.1117317272815914,5705.0,0.9595
196,F9VFe-0.5,30.0843,,5.441999912261963,6220,F,9,4.225,1.6069412530128782,6050.0,1.065
197,G5V,30.0801,,6.026999950408936,5703,G,5,4.805,0.9418895965228418,5575.0,0.906
198,M4.0Ve,5.9874,8.262999534606934,6.005000114440918,3242,M,4,10.14,0.006918309709189363,3100.0,0.124
199,F5V,58.2343,,6.152999877929688,6157,F,5,3.7199999999999998,2.558585886905647,6545.0,1.1949999999999998
200,K0IV-V(k),33.8056,,6.495999813079834,5250,K,0,5.31,0.5915616341754742,5200.0,0.781
200,K0IV-V(k),33.8056,,6.495999813079834,5250,K,0,5.31,0.5915616341754742,5200.0,0.781
201,F4V,33.7667,,4.859000205993652,6702,F,4,3.58,2.910717118066606,6690.0,1.23
202,F6/7V,80.6569,,7.290999889373778,6392,F,6,3.86,2.2490546058357817,6400.0,1.16
203,K8V,,,,4521,K,8,6.88,0.13931568029453034,3990.0,0.585
204,F3/5+F6/7,80.1468,,7.396999835968018,0,F,3,3.425,3.3573761424295476,6865.0,1.27
205,A8V,28.4125,4.110000133514403,4.0869998931884775,7790,A,8,2.61,7.112135136533293,7800.0,1.53
206,A0/1V,72.7135,,6.308000087738037,0,A,0,1.24,25.11886431509581,9700.0,2.07
207,G1/2V,59.2828,7.999000072479247,7.276000022888184,5960,G,1,4.4350000000000005,1.3243415351946644,5860.0,1.013
208,A0V,73.2488,,5.870999813079834,9772,A,0,1.24,25.11886431509581,9700.0,2.07
209,G1IV,66.9797,,6.420000076293945,6023,G,1,4.4350000000000005,1.3243415351946644,5860.0,1.013
210,A0V,69.3342,,5.90500020980835,9134,A,0,1.24,25.11886431509581,9700.0,2.07
211,K8V,35.5634,,7.4559998512268075,0,K,8,6.88,0.13931568029453034,3990.0,0.585
212,G5V,45.4358,,6.771999835968018,5796,G,5,4.805,0.9418895965228418,5575.0,0.906
213,F8V,26.2801,5.400000095367432,4.760000228881836,6392,F,8,4.12,1.7701089583174212,6150.0,1.09
214,G8/K0(IV),24.3417,6.02899980545044,5.317999839782715,5848,G,8,5.09,0.7244359600749902,5370.0,0.829
215,B8V,99.5599,,5.7210001945495605,12487,B,8,-0.1,86.29785477669702,12000.0,2.84
216,A1IV,50.8864,4.639999866485597,4.788000106811523,9311,A,1,1.44,20.892961308540407,9370.0,2.005
217,K3V,11.186,,4.440999984741211,4925,K,3,5.82,0.36982817978026616,4760.0,0.7155
218,G8V,36.5091,,6.331999778747559,5746,G,8,5.09,0.7244359600749902,5370.0,0.829
219,K2VCN+1,33.684,,6.625999927520753,0,K,2,5.62,0.4446312674691087,4930.0,0.738
220,A5III,48.4013,5.059999942779541,4.9710001945495605,0,A,5,2.1149999999999998,11.220184543019641,8410.0,1.725
221,F0IV,48.801,,5.208000183105469,7852,F,0,2.95,5.199959965335161,7420.0,1.4
222,G8V,37.8807,,6.671000003814697,5529,G,8,5.09,0.7244359600749902,5370.0,0.829
223,K2V,27.3823,7.703000068664551,6.541999816894531,5100,K,2,5.62,0.4446312674691087,4930.0,0.738
224,A1III-,,1.6100000143051147,1.5700000524520874,8866,A,1,1.44,20.892961308540407,9370.0,2.005
225,G0,71.9031,,7.302000045776367,6319,G,0,4.33,1.4588142602753487,5950.0,1.04
226,K0V,38.2085,7.943999767303468,,5089,K,0,5.31,0.5915616341754742,5200.0,0.781
228,K1Vp,18.2899,6.815000057220459,5.5960001945495605,5062,K,1,5.465,0.512861383991365,5065.0,0.7595000000000001
229,F9VFe+0.5,27.6123,,,5992,F,9,4.225,1.6069412530128782,6050.0,1.065
230,G3V,54.5977,,7.052999973297119,0,G,3,4.625,1.1117317272815914,5705.0,0.9595
231,F7V,71.0535,,7.431000232696532,0,F,7,3.99,1.9952623149688797,6275.0,1.125
232,G2V,64.098,,7.241000175476074,0,G,2,4.54,1.2022644346174132,5770.0,0.986
233,F5V,90.5485,,7.679999828338622,0,F,5,3.7199999999999998,2.558585886905647,6545.0,1.1949999999999998
234,F7V,71.6096,,7.322999954223633,0,F,7,3.99,1.9952623149688797,6275.0,1.125
235,G3V,43.7004,,5.980000019073486,0,G,3,4.625,1.1117317272815914,5705.0,0.9595
236,G1V,43.695,,5.9000000953674325,0,G,1,4.4350000000000005,1.3243415351946644,5860.0,1.013
237,G5V,45.2345,,6.901999950408936,5784,G,5,4.805,0.9418895965228418,5575.0,0.906
238,G0,64.0726,,7.633999824523926,0,G,0,4.33,1.4588142602753487,5950.0,1.04
239,F5V,47.2137,5.800000190734862,5.179999828338623,6473,F,5,3.7199999999999998,2.558585886905647,6545.0,1.1949999999999998
240,A4V,65.2443,,5.677000045776367,0,A,4,1.95,13.061708881318419,8620.0,1.79
241,A8III,76.3691,,6.436999797821045,0,A,8,2.61,7.112135136533293,7800.0,1.53
242,M2V,7.7048,7.065999984741211,5.257999897003174,3651,M,2,8.69,0.02630267991895383,3400.0,0.262
243,K3Ve,53.3504,8.687000274658201,7.353000164031982,4834,K,3,5.82,0.36982817978026616,4760.0,0.7155
244,G0V,22.4424,,5.063000202178955,6004,G,0,4.33,1.4588142602753487,5950.0,1.04
245,A2Va,30.576,3.809999942779541,3.75,8829,A,2,1.64,17.378008287493763,9040.0,1.94
246,G5V,41.2631,,6.535999774932861,5708,G,5,4.805,0.9418895965228418,5575.0,0.906
247,K0,36.2571,,6.934000015258789,0,K,0,5.31,0.5915616341754742,5200.0,0.781
248,F3IV,62.5837,,5.566999912261963,6749,F,3,3.425,3.3573761424295476,6865.0,1.27
249,G0VCH-0.3,37.8923,,6.146999835968018,5953,G,0,4.33,1.4588142602753487,5950.0,1.04
250,K1V,33.3726,,6.639999866485597,0,K,1,5.465,0.512861383991365,5065.0,0.7595000000000001
251,K0.5V(k),33.4411,,6.539999961853027,0,K,0,5.31,0.5915616341754742,5200.0,0.781
252,M2.0Ve,7.0329,7.388999938964844,5.605000019073486,3640,M,2,8.69,0.02630267991895383,3400.0,0.262
253,G1V,31.0381,6.300000190734862,5.599999904632568,6148,G,1,4.4350000000000005,1.3243415351946644,5860.0,1.013
254,F0V,64.1857,,5.926000118255615,7311,F,0,2.95,5.199959965335161,7420.0,1.4
255,M2Ve,34.029,9.100000381469727,7.125,0,M,2,8.69,0.02630267991895383,3400.0,0.262
256,K1V,21.5397,6.806000232696532,5.769999980926514,5015,K,1,5.465,0.512861383991365,5065.0,0.7595000000000001
257,K0V,33.6118,7.514999866485597,6.559000015258789,0,K,0,5.31,0.5915616341754742,5200.0,0.781
258,G4V,41.7145,,5.526000022888184,5903,G,4,4.71,1.0280162981264738,5640.0,0.933
259,A8III,86.4424,,6.867000102996826,0,A,8,2.61,7.112135136533293,7800.0,1.53
260,A3III/IV,58.8384,,5.7849998474121085,0,A,3,1.795,15.066070661867425,8830.0,1.865
261,K6Ve,60.086000000000006,9.18000030517578,7.558000087738037,4057,K,6,6.44,0.20892961308540386,4260.0,0.647
263,G8V,26.2381,,5.902999877929688,5457,G,8,5.09,0.7244359600749902,5370.0,0.829
264,A1V,53.0839,,5.352000236511231,8954,A,1,1.44,20.892961308540407,9370.0,2.005
265,K7V,18.2712,8.284000396728517,6.651000022888184,3902,K,7,6.66,0.17060823890031235,4125.0,0.616
266,A1V,74.2049,,6.019000053405763,0,A,1,1.44,20.892961308540407,9370.0,2.005
267,G2V,47.7792,,6.752999782562256,5897,G,2,4.54,1.2022644346174132,5770.0,0.986
268,F5V,82.9,,6.567999839782715,6551,F,5,3.7199999999999998,2.558585886905647,6545.0,1.1949999999999998
269,G5,82.3723,,7.598999977111816,6120,G,5,4.805,0.9418895965228418,5575.0,0.906
270,M0Vk,34.8757,,7.72100019454956,4006,M,0,7.55,0.07516228940182057,3700.0,0.454
271,B9Vne,110.021,6.639999866485597,5.960000038146973,11750,B,9,0.57,46.55860935229591,10850.0,2.455
272,F5.5V,27.0616,5.300000190734863,4.775000095367432,6503,F,5,3.7199999999999998,2.558585886905647,6545.0,1.1949999999999998
273,A0V,64.3021,,5.511000156402588,9594,A,0,1.24,25.11886431509581,9700.0,2.07
274,G1V,77.9217,,7.7870001792907715,5996,G,1,4.4350000000000005,1.3243415351946644,5860.0,1.013
275,F8V,56.9557,,6.868000030517577,6142,F,8,4.12,1.7701089583174212,6150.0,1.09
276,G4V,113.4018,8.399999618530272,7.570000171661378,6167,G,4,4.71,1.0280162981264738,5640.0,0.933
277,A1V,62.1079,,5.301000118255615,0,A,1,1.44,20.892961308540407,9370.0,2.005
278,A3Va,11.091,2.059999942779541,1.924999952316284,8720,A,3,1.795,15.066070661867425,8830.0,1.865
279,F2IV/V,102.1284,,7.311999797821045,0,F,2,3.27,3.8725764492161727,7040.0,1.31
280,F3IV,108.0299,,7.360000133514403,0,F,3,3.425,3.3573761424295476,6865.0,1.27
281,G5V,46.7876,,7.026999950408936,0,G,5,4.805,0.9418895965228418,5575.0,0.906
282,G3V,35.5134,,6.242000102996826,5749,G,3,4.625,1.1117317272815914,5705.0,0.9595
283,G4V,35.529,,6.287000179290772,5784,G,4,4.71,1.0280162981264738,5640.0,0.933
284,A2V,99.1513,,6.3439998626708975,0,A,2,1.64,17.378008287493763,9040.0,1.94
285,F5V,102.7316,,7.480000019073486,0,F,5,3.7199999999999998,2.558585886905647,6545.0,1.1949999999999998
286,G3V(e),98.632,7.677999973297119,6.9670000076293945,5531,G,3,4.625,1.1117317272815914,5705.0,0.9595
287,B9V,104.8537,,6.079999923706055,11508,B,9,0.57,46.55860935229591,10850.0,2.455
288,A3V,104.6069,,7.0250000953674325,0,A,3,1.795,15.066070661867425,8830.0,1.865
289,G5V,37.7618,7.414000034332275,6.591000080108643,5520,G,5,4.805,0.9418895965228418,5575.0,0.906
290,A1V,58.81,,5.35699987411499,8954,A,1,1.44,20.892961308540407,9370.0,2.005
291,A2V,112.4429,,7.065999984741211,0,A,2,1.64,17.378008287493763,9040.0,1.94
292,A6V,121.0991,,,0,A,6,2.28,9.63829023623971,8200.0,1.66
293,F3V,112.7955,,7.564000129699707,6724,F,3,3.425,3.3573761424295476,6865.0,1.27
294,F5V,114.8528,7.5349998474121085,7.35699987411499,0,F,5,3.7199999999999998,2.558585886905647,6545.0,1.1949999999999998
295,G9V(e),115.1875,,7.6560001373291025,6000,G,9,5.199999999999999,0.6546361740672755,5285.0,0.8049999999999999
296,A6III,116.5705,,7.48199987411499,0,A,6,2.28,9.63829023623971,8200.0,1.66
297,G5V,32.2281,,6.007999897003174,5750,G,5,4.805,0.9418895965228418,5575.0,0.906
298,M0.5,53.111000000000004,9.5,7.504000186920166,3990,M,0,7.55,0.07516228940182057,3700.0,0.454
299,A0V,105.9434,,6.0310001373291025,10116,A,0,1.24,25.11886431509581,9700.0,2.07
300,F5V,103.334,,6.758999824523926,6515,F,5,3.7199999999999998,2.558585886905647,6545.0,1.1949999999999998
300,F5V,103.334,,6.758999824523926,6515,F,5,3.7199999999999998,2.558585886905647,6545.0,1.1949999999999998
301,G2V,27.4712,6.4000000953674325,5.611000061035156,5882,G,2,4.54,1.2022644346174132,5770.0,0.986
302,B9V,97.3625,,6.276999950408936,10568,B,9,0.57,46.55860935229591,10850.0,2.455
303,F6V,76.5562,,7.216000080108643,7166,F,6,3.86,2.2490546058357817,6400.0,1.16
304,A3V,108.2579,,7.051000118255615,0,A,3,1.795,15.066070661867425,8830.0,1.865
305,A1V,72.6042,,5.914000034332275,9204,A,1,1.44,20.892961308540407,9370.0,2.005
306,G5V,111.9382,,7.252999782562256,5373,G,5,4.805,0.9418895965228418,5575.0,0.906
307,F7V,104.5161,,7.189000129699707,0,F,7,3.99,1.9952623149688797,6275.0,1.125
308,F6V,108.0205,,6.818999767303468,6481,F,6,3.86,2.2490546058357817,6400.0,1.16
309,F2V,17.9613,,3.371999979019165,6784,F,2,3.27,3.8725764492161727,7040.0,1.31
310,A7V,34.8865,,4.708000183105469,7646,A,7,2.445,8.279421637123345,8000.0,1.595
311,A0V,71.9093,5.809999942779541,5.7940001487731925,9750,A,0,1.24,25.11886431509581,9700.0,2.07
312,A9V,108.3142,,7.2729997634887695,6901,A,9,2.7800000000000002,6.08135001278718,7610.0,1.4649999999999999
313,G0V,56.306000000000004,,6.9559998512268075,6058,G,0,4.33,1.4588142602753487,5950.0,1.04
314,K3Ve,103.6742,9.196999549865724,7.953000068664551,4749,K,3,5.82,0.36982817978026616,4760.0,0.7155
315,A0V,129.9849,,7.5869998931884775,0,A,0,1.24,25.11886431509581,9700.0,2.07
316,A0Va_lB,38.1633,4.78000020980835,4.761000156402588,8970,A,0,1.24,25.11886431509581,9700.0,2.07
317,F2V,125.8447,,7.730000019073486,7209,F,2,3.27,3.8725764492161727,7040.0,1.31
318,K1Vk,30.4395,,6.677000045776367,5177,K,1,5.465,0.512861383991365,5065.0,0.7595000000000001
319,A3III/IV,109.426,,7.241000175476074,0,A,3,1.795,15.066070661867425,8830.0,1.865
320,F5/6V,108.9348,,7.829999923706055,0,F,5,3.7199999999999998,2.558585886905647,6545.0,1.1949999999999998
321,A2IV/V,101.6467,,6.686999797821045,0,A,2,1.64,17.378008287493763,9040.0,1.94
322,K0Ve,94.7984,8.940999984741211,7.702000141143799,4719,K,0,5.31,0.5915616341754742,5200.0,0.781
323,F3/5IV/V,132.9275,,8.145000457763674,0,F,3,3.425,3.3573761424295476,6865.0,1.27
324,F7/8V,54.06399999999999,,6.521999835968018,6149,F,7,3.99,1.9952623149688797,6275.0,1.125
325,F6/8,119.3332,,7.892000198364258,0,F,6,3.86,2.2490546058357817,6400.0,1.16
326,G6V,47.6579,7.585999965667725,6.834000110626222,5719,G,6,4.9,0.8629785477669701,5510.0,0.879
327,G5V,43.6331,,6.835000038146973,5830,G,5,4.805,0.9418895965228418,5575.0,0.906
328,G1V,60.4365,,7.138999938964844,6029,G,1,4.4350000000000005,1.3243415351946644,5860.0,1.013
329,F3V,95.6508,,7.22599983215332,6613,F,3,3.425,3.3573761424295476,6865.0,1.27
330,G3V,20.2948,3.920000076293945,3.345999956130981,5712,G,3,4.625,1.1117317272815914,5705.0,0.9595
331,G0V,17.5381,4.5,4.10699987411499,6234,G,0,4.33,1.4588142602753487,5950.0,1.04
332,A2mA4-A9/F0,71.929,,5.489999771118164,0,A,2,1.64,17.378008287493763,9040.0,1.94
333,G6.5V,8.5053,,2.9739999771118164,5537,G,6,4.9,0.8629785477669701,5510.0,0.879
334,F2IV/V,109.6167,,7.385000228881836,0,F,2,3.27,3.8725764492161727,7040.0,1.31
335,A7/8V,115.9017,,7.394999980926514,7530,A,7,2.445,8.279421637123345,8000.0,1.595
337,A0V,62.5794,5.639999866485597,5.5960001945495605,9183,A,0,1.24,25.11886431509581,9700.0,2.07
338,F2V,76.9166,,6.685999870300293,0,F,2,3.27,3.8725764492161727,7040.0,1.31
339,F6V,107.6114,,6.9730000495910645,6621,F,6,3.86,2.2490546058357817,6400.0,1.16
340,B9.5V,155.5065,,7.532999992370605,0,B,9,0.57,46.55860935229591,10850.0,2.455
341,A2V,67.8555,,5.668000221252441,9141,A,2,1.64,17.378008287493763,9040.0,1.94
342,F8VFe-0.9,34.7147,,5.40500020980835,6397,F,8,4.12,1.7701089583174212,6150.0,1.09
344,B8V,141.3847,,6.178999900817871,12474,B,8,-0.1,86.29785477669702,12000.0,2.84
345,A0V,122.9135,,6.3470001220703125,0,A,0,1.24,25.11886431509581,9700.0,2.07
346,B8.5Vn+A2.5Va,,,,10740,B,8,-0.1,86.29785477669702,12000.0,2.84
347,F3V,110.9201,,7.403999805450439,0,F,3,3.425,3.3573761424295476,6865.0,1.27
348,A1V,103.7646,,6.203999996185303,0,A,1,1.44,20.892961308540407,9370.0,2.005
349,F0V,113.9341,,7.567999839782715,6903,F,0,2.95,5.199959965335161,7420.0,1.4
350,F8V,134.1094,,7.763000011444093,0,F,8,4.12,1.7701089583174212,6150.0,1.09
351,K2,34.2565,7.5999999046325675,6.644000053405763,0,K,2,5.62,0.4446312674691087,4930.0,0.738
352,K2,36.801,8.180000305175781,6.938000202178955,0,K,2,5.62,0.4446312674691087,4930.0,0.738
353,F5V,117.2017,,7.324999809265138,0,F,5,3.7199999999999998,2.558585886905647,6545.0,1.1949999999999998
354,A2V,122.5881,,7.425000190734862,0,A,2,1.64,17.378008287493763,9040.0,1.94
355,G2V,51.8516,,6.75,5969,G,2,4.54,1.2022644346174132,5770.0,0.986
356,F3/5V,71.6933,,6.787000179290772,6719,F,3,3.425,3.3573761424295476,6865.0,1.27
357,A7V,66.048,4.110000133514403,5.901000022888184,7780,A,7,2.445,8.279421637123345,8000.0,1.595
358,F8V,,,,6407,F,8,4.12,1.7701089583174212,6150.0,1.09
359,G0V,71.5195,,7.125999927520753,5798,G,0,4.33,1.4588142602753487,5950.0,1.04
360,A2Vn,68.9436,,5.735000133514403,8851,A,2,1.64,17.378008287493763,9040.0,1.94
361,G7V,86.0689,,7.572999954223633,5794,G,7,4.995,0.7906786279998251,5440.0,0.854
364,A1V,132.4889,,7.427999973297119,0,A,1,1.44,20.892961308540407,9370.0,2.005
365,F2V,168.2029,,8.154999732971191,0,F,2,3.27,3.8725764492161727,7040.0,1.31
366,F2V,160.4544,,7.622000217437744,0,F,2,3.27,3.8725764492161727,7040.0,1.31
367,A0V,133.7649,,7.254000186920166,0,A,0,1.24,25.11886431509581,9700.0,2.07
368,F3V,,,7.841000080108643,0,F,3,3.425,3.3573761424295476,6865.0,1.27
369,A0V,143.437,,7.563000202178955,0,A,0,1.24,25.11886431509581,9700.0,2.07
370,A9V,126.939,,7.248000144958496,7381,A,9,2.7800000000000002,6.08135001278718,7610.0,1.4649999999999999
371,G8Vk:,23.7585,6.46999979019165,5.629000186920166,5503,G,8,5.09,0.7244359600749902,5370.0,0.829
372,G6V,20.2547,6.014999866485597,5.214000225067139,5558,G,6,4.9,0.8629785477669701,5510.0,0.879
373,F8,45.598,,6.2230000495910645,6161,F,8,4.12,1.7701089583174212,6150.0,1.09
374,F8V,89.7312,,7.151000022888184,6079,F,8,4.12,1.7701089583174212,6150.0,1.09
375,G3V,136.0359,,7.927999973297119,0,G,3,4.625,1.1117317272815914,5705.0,0.9595
376,F7V,36.3307,,5.789000034332275,6250,F,7,3.99,1.9952623149688797,6275.0,1.125
377,G3V,59.7461,,7.057000160217285,0,G,3,4.625,1.1117317272815914,5705.0,0.9595
378,G1V,30.7236,,5.71999979019165,0,G,1,4.4350000000000005,1.3243415351946644,5860.0,1.013
379,A2V,145.6028,,6.513000011444093,0,A,2,1.64,17.378008287493763,9040.0,1.94
380,F5V,43.4596,,6.0250000953674325,6367,F,5,3.7199999999999998,2.558585886905647,6545.0,1.1949999999999998
381,F5V,61.8529,,6.732999801635742,6482,F,5,3.7199999999999998,2.558585886905647,6545.0,1.1949999999999998
382,A2IV,133.6541,,7.564000129699707,0,A,2,1.64,17.378008287493763,9040.0,1.94
383,B9V,176.666,,7.300000190734862,0,B,9,0.57,46.55860935229591,10850.0,2.455
384,G0V,49.207,,6.335999965667725,6254,G,0,4.33,1.4588142602753487,5950.0,1.04
385,F9VCH-0.4,35.0689,,5.85699987411499,6069,F,9,4.225,1.6069412530128782,6050.0,1.065
386,A9V,110.7101,,7.361999988555907,6947,A,9,2.7800000000000002,6.08135001278718,7610.0,1.4649999999999999
388,G8V,41.8576,,6.133999824523926,5535,G,8,5.09,0.7244359600749902,5370.0,0.829
389,A3/5V,55.5401,,5.447000026702881,0,A,3,1.795,15.066070661867425,8830.0,1.865
390,G9V,52.5365,8.51200008392334,7.456999778747559,5170,G,9,5.199999999999999,0.6546361740672755,5285.0,0.8049999999999999
391,A2V,86.6694,,5.7849998474121085,8511,A,2,1.64,17.378008287493763,9040.0,1.94
392,F3/5V,112.3166,,7.73199987411499,0,F,3,3.425,3.3573761424295476,6865.0,1.27
393,F8/G0V,85.6619,,7.8379998207092285,0,F,8,4.12,1.7701089583174212,6150.0,1.09
394,A5V,47.3869,,5.25,7962,A,5,2.1149999999999998,11.220184543019641,8410.0,1.725
395,A2IIIs,52.3684,,5.515999794006348,0,A,2,1.64,17.378008287493763,9040.0,1.94
396,A3Va,28.4304,,3.8059999942779537,8641,A,3,1.795,15.066070661867425,8830.0,1.865
397,F3V,123.5315,,7.901000022888184,0,F,3,3.425,3.3573761424295476,6865.0,1.27
398,G1V,50.4322,,6.727000236511231,6018,G,1,4.4350000000000005,1.3243415351946644,5860.0,1.013
399,A1V,60.6197,,2.759999990463257,9419,A,1,1.44,20.892961308540407,9370.0,2.005
400,F5V,130.4751,,8.222999572753906,0,F,5,3.7199999999999998,2.558585886905647,6545.0,1.1949999999999998
400,F5V,130.4751,,8.222999572753906,0,F,5,3.7199999999999998,2.558585886905647,6545.0,1.1949999999999998
401,A1V,114.1826,,7.0349998474121085,0,A,1,1.44,20.892961308540407,9370.0,2.005
402,B8/9V,148.2734,,6.8309998512268075,0,B,8,-0.1,86.29785477669702,12000.0,2.84
403,F4V,31.1038,,4.014999866485597,6647,F,4,3.58,2.910717118066606,6690.0,1.23
404,F0V,107.5593,,7.433000087738037,0,F,0,2.95,5.199959965335161,7420.0,1.4
405,B9.5V,,,,0,B,9,0.57,46.55860935229591,10850.0,2.455
406,F0,88.0855,,7.665999889373778,0,F,0,2.95,5.199959965335161,7420.0,1.4
407,A3III,55.3238,,5.769000053405763,0,A,3,1.795,15.066070661867425,8830.0,1.865
408,F2V,97.0167,,7.561999797821045,7057,F,2,3.27,3.8725764492161727,7040.0,1.31
409,M0,36.6713,,7.790999889373778,4004,M,0,7.55,0.07516228940182057,3700.0,0.454
410,F0,,,,7194,F,0,2.95,5.199959965335161,7420.0,1.4
411,A0V,137.4155,,7.179999828338622,0,A,0,1.24,25.11886431509581,9700.0,2.07
412,K0V,40.1059,7.105999946594237,5.99399995803833,5002,K,0,5.31,0.5915616341754742,5200.0,0.781
413,B9V,161.47,,7.488999843597412,0,B,9,0.57,46.55860935229591,10850.0,2.455
414,F3/5V,17.3923,,3.732000112533569,6649,F,3,3.425,3.3573761424295476,6865.0,1.27
415,F2V,111.02600000000001,,7.47100019454956,6834,F,2,3.27,3.8725764492161727,7040.0,1.31
416,F6V,37.2202,,5.78000020980835,6255,F,6,3.86,2.2490546058357817,6400.0,1.16
417,B9/A0V,148.1657,,7.4060001373291025,0,B,9,0.57,46.55860935229591,10850.0,2.455
418,F5V,128.6091,,7.939000129699707,0,F,5,3.7199999999999998,2.558585886905647,6545.0,1.1949999999999998
419,A5IV-V,53.5467,,5.267000198364258,8414,A,5,2.1149999999999998,11.220184543019641,8410.0,1.725
420,F3V,152.8328,,8.130999565124513,6391,F,3,3.425,3.3573761424295476,6865.0,1.27
421,A1V,80.143,,5.644999980926514,0,A,1,1.44,20.892961308540407,9370.0,2.005
422,A2V(e)kB9mB9_lB,110.6268,7.039999961853027,6.861000061035156,10040,A,2,1.64,17.378008287493763,9040.0,1.94
423,A2/3V,150.9092,,7.995999813079834,0,A,2,1.64,17.378008287493763,9040.0,1.94
425,G2,60.3442,7.2129998207092285,6.4130001068115225,5963,G,2,4.54,1.2022644346174132,5770.0,0.986
426,B9V,145.3425,,6.668000221252441,0,B,9,0.57,46.55860935229591,10850.0,2.455
427,F3V,137.5497,,7.973999977111816,0,F,3,3.425,3.3573761424295476,6865.0,1.27
428,A1IV/V,69.7632,,5.658999919891357,0,A,1,1.44,20.892961308540407,9370.0,2.005
429,A0V,144.3251,,7.277999877929687,0,A,0,1.24,25.11886431509581,9700.0,2.07
430,G1V,35.5683,,5.989999771118164,5905,G,1,4.4350000000000005,1.3243415351946644,5860.0,1.013
431,A0V,144.0528,,7.119999885559082,0,A,0,1.24,25.11886431509581,9700.0,2.07
432,B8Ia/Iab,133.0265,4.960000038146973,4.828999996185303,21380,B,8,-0.1,86.29785477669702,12000.0,2.84
433,G5V,32.9694,,6.15500020980835,5601,G,5,4.805,0.9418895965228418,5575.0,0.906
434,A6III,69.25399999999999,,6.1459999084472665,0,A,6,2.28,9.63829023623971,8200.0,1.66
435,F0V,130.249,,7.815999984741211,7041,F,0,2.95,5.199959965335161,7420.0,1.4
436,A5IV/V,139.2002,,7.652999877929687,0,A,5,2.1149999999999998,11.220184543019641,8410.0,1.725
437,F5V,137.1422,,7.783999919891357,0,F,5,3.7199999999999998,2.558585886905647,6545.0,1.1949999999999998
438,G0,65.7968,,7.052000045776367,0,G,0,4.33,1.4588142602753487,5950.0,1.04
439,A9V,144.0154,,7.361000061035156,6989,A,9,2.7800000000000002,6.08135001278718,7610.0,1.4649999999999999
440,G0,33.7419,,6.056000232696532,5940,G,0,4.33,1.4588142602753487,5950.0,1.04
441,F3V,48.6905,,5.441999912261963,6667,F,3,3.425,3.3573761424295476,6865.0,1.27
442,F0V,142.3143,,7.948999881744385,0,F,0,2.95,5.199959965335161,7420.0,1.4
443,B9V,136.8345,,7.171000003814697,0,B,9,0.57,46.55860935229591,10850.0,2.455
444,F5V,120.434,,7.85099983215332,0,F,5,3.7199999999999998,2.558585886905647,6545.0,1.1949999999999998
445,B9V,112.1831,,6.39300012588501,10715,B,9,0.57,46.55860935229591,10850.0,2.455
446,G8/K0IV,44.6666,,5.985000133514403,6320,G,8,5.09,0.7244359600749902,5370.0,0.829
447,F6V,124.9719,,8.060999870300293,0,F,6,3.86,2.2490546058357817,6400.0,1.16
448,A3V,55.5534,,5.684000015258789,0,A,3,1.795,15.066070661867425,8830.0,1.865
449,A1Va,43.4749,,4.939000129699707,9509,A,1,1.44,20.892961308540407,9370.0,2.005
450,G0V,96.9265,,7.769000053405763,0,G,0,4.33,1.4588142602753487,5950.0,1.04
451,K3Ve,28.1132,8.234999656677246,6.734000205993652,4607,K,3,5.82,0.36982817978026616,4760.0,0.7155
452,F2/3V,131.4994,,7.8540000915527335,6500,F,2,3.27,3.8725764492161727,7040.0,1.31
453,G7V,50.0879,,6.885000228881836,5497,G,7,4.995,0.7906786279998251,5440.0,0.854
454,A9V,143.9222,,7.903999805450439,7205,A,9,2.7800000000000002,6.08135001278718,7610.0,1.4649999999999999
455,A9IIIbn,54.2264,3.3299999237060547,3.119999885559082,7143,A,9,2.7800000000000002,6.08135001278718,7610.0,1.4649999999999999
456,B9.5V(n)+A1V(n),,,,0,B,9,0.57,46.55860935229591,10850.0,2.455
457,G5V,12.908,,4.010000228881837,5831,G,5,4.805,0.9418895965228418,5575.0,0.906
458,G5,65.436,,7.592000007629394,0,G,5,4.805,0.9418895965228418,5575.0,0.906
459,A5V,146.6018,,7.855999946594237,0,A,5,2.1149999999999998,11.220184543019641,8410.0,1.725
460,K0V,40.6843,,7.033999919891357,5531,K,0,5.31,0.5915616341754742,5200.0,0.781
461,F9V,12.1768,,3.650000095367432,6107,F,9,4.225,1.6069412530128782,6050.0,1.065
462,F5,85.0702,,7.247000217437744,6679,F,5,3.7199999999999998,2.558585886905647,6545.0,1.1949999999999998
463,F5IV-V,62.588,,5.330999851226807,6684,F,5,3.7199999999999998,2.558585886905647,6545.0,1.1949999999999998
464,G3V,31.428,,6.119999885559082,5783,G,3,4.625,1.1117317272815914,5705.0,0.9595
465,F8,47.2608,,6.423999786376952,6055,F,8,4.12,1.7701089583174212,6150.0,1.09
466,F5/6V,61.5544,,6.789999961853027,6314,F,5,3.7199999999999998,2.558585886905647,6545.0,1.1949999999999998
467,G3V,42.8883,,6.598999977111816,5917,G,3,4.625,1.1117317272815914,5705.0,0.9595
468,A3V,129.2725,,7.317999839782715,0,A,3,1.795,15.066070661867425,8830.0,1.865
469,F0V,142.1828,,7.429999828338622,6844,F,0,2.95,5.199959965335161,7420.0,1.4
470,F8/G0V,45.3159,,6.480000019073486,5967,F,8,4.12,1.7701089583174212,6150.0,1.09
471,F5V,140.5956,,7.059999942779541,0,F,5,3.7199999999999998,2.558585886905647,6545.0,1.1949999999999998
472,A5IV/V,53.2501,,5.25600004196167,0,A,5,2.1149999999999998,11.220184543019641,8410.0,1.725
473,K2V,44.5879,,7.467000007629394,0,K,2,5.62,0.4446312674691087,4930.0,0.738
474,K3V,44.5853,,7.51200008392334,0,K,3,5.82,0.36982817978026616,4760.0,0.7155
475,F5IV/V,41.5996,,4.579999923706055,6519,F,5,3.7199999999999998,2.558585886905647,6545.0,1.1949999999999998
476,G3V,32.4799,,6.064000129699707,5794,G,3,4.625,1.1117317272815914,5705.0,0.9595
477,A0/1V,65.1275,,5.572999954223633,0,A,0,1.24,25.11886431509581,9700.0,2.07
478,G6V,63.2563,,,0,G,6,4.9,0.8629785477669701,5510.0,0.879
479,F6/7V,62.2158,,6.795000076293945,6185,F,6,3.86,2.2490546058357817,6400.0,1.16
480,K1Vp,30.5063,6.389999866485597,4.9070000648498535,5140,K,1,5.465,0.512861383991365,5065.0,0.7595000000000001
481,A0V,111.7518,,7.109000205993652,0,A,0,1.24,25.11886431509581,9700.0,2.07
482,A7II/III,68.2477,,6.300000190734862,0,A,7,2.445,8.279421637123345,8000.0,1.595
483,A7V,42.7467,,5.2150001525878915,7656,A,7,2.445,8.279421637123345,8000.0,1.595
484,F5V,100.5066,,7.366000175476074,6354,F,5,3.7199999999999998,2.558585886905647,6545.0,1.1949999999999998
485,K1III,124.9204,8.312000274658201,6.874000072479247,0,K,1,5.465,0.512861383991365,5065.0,0.7595000000000001
486,F5V,58.401,,5.379000186920166,6479,F,5,3.7199999999999998,2.558585886905647,6545.0,1.1949999999999998
487,G3V,45.5834,,6.51800012588501,5708,G,3,4.625,1.1117317272815914,5705.0,0.9595
488,K1V,67.7557,8.664999961853027,7.4619998931884775,0,K,1,5.465,0.512861383991365,5065.0,0.7595000000000001
489,A5V,46.8299,,5.250999927520752,7798,A,5,2.1149999999999998,11.220184543019641,8410.0,1.725
490,A5IV/V,41.3469,,4.866000175476074,7888,A,5,2.1149999999999998,11.220184543019641,8410.0,1.725
491,F8/G0V,65.735,7.736000061035156,7.0920000076293945,0,F,8,4.12,1.7701089583174212,6150.0,1.09
492,G5V,87.8905,8.977999687194824,7.446000099182129,5588,G,5,4.805,0.9418895965228418,5575.0,0.906
493,G0,116.814,8.234000205993652,6.739999771118164,0,G,0,4.33,1.4588142602753487,5950.0,1.04
494,G3V,75.0785,,7.64900016784668,0,G,3,4.625,1.1117317272815914,5705.0,0.9595
495,A1VnkA0mA0,30.0394,3.7100000381469727,3.640000104904175,9311,A,1,1.44,20.892961308540407,9370.0,2.005
496,K0V,42.1333,,,0,K,0,5.31,0.5915616341754742,5200.0,0.781
497,F6V,49.615,,6.019999980926514,6582,F,6,3.86,2.2490546058357817,6400.0,1.16
498,G1V,17.2041,,4.613999843597412,5906,G,1,4.4350000000000005,1.3243415351946644,5860.0,1.013
499,F9.5V,7.0,,,6046,F,9,4.225,1.6069412530128782,6050.0,1.065
500,A0V,59.7118,,5.40399980545044,0,A,0,1.24,25.11886431509581,9700.0,2.07
500,A0V,59.7118,,5.40399980545044,0,A,0,1.24,25.11886431509581,9700.0,2.07
501,K0V,42.1779,,6.883999824523926,5106,K,0,5.31,0.5915616341754742,5200.0,0.781
502,M1,14.3787,7.929999828338622,6.239999771118164,3729,M,1,8.12,0.04446312674691091,3550.0,0.358
503,F5V,37.055,,5.2820000648498535,6606,F,5,3.7199999999999998,2.558585886905647,6545.0,1.1949999999999998
504,A0/1V,73.5992,,5.689000129699707,9204,A,0,1.24,25.11886431509581,9700.0,2.07
505,G2V,35.3744,6.71999979019165,5.8959999084472665,5798,G,2,4.54,1.2022644346174132,5770.0,0.986
506,F5III,38.812,,4.36299991607666,6742,F,5,3.7199999999999998,2.558585886905647,6545.0,1.1949999999999998
507,A7V,28.3374,,4.250999927520752,7846,A,7,2.445,8.279421637123345,8000.0,1.595
508,A5III,28.2865,4.130000114440918,4.447000026702881,8375,A,5,2.1149999999999998,11.220184543019641,8410.0,1.725
509,G9IV,47.1285,7.464000225067139,6.486000061035156,5169,G,9,5.199999999999999,0.6546361740672755,5285.0,0.8049999999999999
510,M3Ve,11.1359,7.690000057220459,5.679999828338622,3431,M,3,9.415,0.013489628825916547,3250.0,0.193
511,G0V,26.621,,5.418000221252441,6217,G,0,4.33,1.4588142602753487,5950.0,1.04
512,G1V,65.4969,8.737000465393066,7.277999877929687,6160,G,1,4.4350000000000005,1.3243415351946644,5860.0,1.013
513,F5V,79.0539,,7.109000205993652,6493,F,5,3.7199999999999998,2.558585886905647,6545.0,1.1949999999999998
514,K0/1V,48.8467,,7.26800012588501,5522,K,0,5.31,0.5915616341754742,5200.0,0.781
515,F6V,58.8575,,4.0,6303,F,6,3.86,2.2490546058357817,6400.0,1.16
516,G8V+K5V,,,,5408,G,8,5.09,0.7244359600749902,5370.0,0.829
517,K1V,35.8155,,5.880000114440918,4998,K,1,5.465,0.512861383991365,5065.0,0.7595000000000001
518,A2Va,36.3996,,3.9149999618530273,8950,A,2,1.64,17.378008287493763,9040.0,1.94
519,A0V+M7/8V,47.7,4.989999771118164,5.150000095367432,0,A,0,1.24,25.11886431509581,9700.0,2.07
520,F6V,48.2132,6.489999771118164,5.980000019073486,6507,F,6,3.86,2.2490546058357817,6400.0,1.16
521,B8V,54.4052,,4.199999809265137,12370,B,8,-0.1,86.29785477669702,12000.0,2.84
522,B8.5V,71.4219,,5.664000034332275,10046,B,8,-0.1,86.29785477669702,12000.0,2.84
523,A0IVp,60.6781,,5.5920000076293945,9376,A,0,1.24,25.11886431509581,9700.0,2.07
524,G2V,35.8329,,5.868000030517577,6000,G,2,4.54,1.2022644346174132,5770.0,0.986
525,F2/3V,113.1644,,6.440999984741211,6800,F,2,3.27,3.8725764492161727,7040.0,1.31
526,G3V,38.1843,,6.396999835968018,5788,G,3,4.625,1.1117317272815914,5705.0,0.9595
527,K1V,38.6373,,7.085000038146973,5133,K,1,5.465,0.512861383991365,5065.0,0.7595000000000001
528,K1V,41.6698,,7.2729997634887695,5033,K,1,5.465,0.512861383991365,5065.0,0.7595000000000001
529,A3IV,53.5865,,5.4710001945495605,8166,A,3,1.795,15.066070661867425,8830.0,1.865
531,G1V,45.1998,,6.408999919891357,5914,G,1,4.4350000000000005,1.3243415351946644,5860.0,1.013
532,K3VaCN1,14.1069,5.0900001525878915,4.1579999923706055,4774,K,3,5.82,0.36982817978026616,4760.0,0.7155
533,F7V,22.0317,,4.640999794006348,6333,F,7,3.99,1.9952623149688797,6275.0,1.125
534,A0Va,31.3806,,3.76200008392334,9896,A,0,1.24,25.11886431509581,9700.0,2.07
535,K1IV,641.3545,,7.03000020980835,4544,K,1,5.465,0.512861383991365,5065.0,0.7595000000000001
536,G1V,47.2641,,6.681000232696532,5798,G,1,4.4350000000000005,1.3243415351946644,5860.0,1.013
537,F7V,92.4385,,,0,F,7,3.99,1.9952623149688797,6275.0,1.125
538,G2V,75.0565,,,5450,G,2,4.54,1.2022644346174132,5770.0,0.986
539,F5V,50.1354,,6.091000080108643,6510,F,5,3.7199999999999998,2.558585886905647,6545.0,1.1949999999999998
540,A1Va,47.9699,,4.801000118255615,9120,A,1,1.44,20.892961308540407,9370.0,2.005
541,F6/8+F,,,6.835000038146973,6398,F,6,3.86,2.2490546058357817,6400.0,1.16
543,B2IV,56.2,,2.4579999446868896,17560,B,2,-4.47,4830.588020397733,22300.0,9.21
544,A9III/IV,66.9308,6.460000038146973,6.2179999351501465,0,A,9,2.7800000000000002,6.08135001278718,7610.0,1.4649999999999999
545,F7V,32.1293,,5.602000236511231,6168,F,7,3.99,1.9952623149688797,6275.0,1.125
546,A7/8V,71.1106,,6.2829999923706055,7762,A,7,2.445,8.279421637123345,8000.0,1.595
547,A1V,71.6235,,5.777999877929688,8913,A,1,1.44,20.892961308540407,9370.0,2.005
548,A3IVs,43.7505,,5.285999774932861,9057,A,3,1.795,15.066070661867425,8830.0,1.865
549,F5V,63.0748,,6.750999927520753,6438,F,5,3.7199999999999998,2.558585886905647,6545.0,1.1949999999999998
550,F0V,28.2937,,4.0159997940063485,7201,F,0,2.95,5.199959965335161,7420.0,1.4
551,A1IV,59.4658,,5.372000217437744,9164,A,1,1.44,20.892961308540407,9370.0,2.005
552,M1VeBa1,9.7248,6.5929999351501465,4.830999851226807,3742,M,1,8.12,0.04446312674691091,3550.0,0.358
553,F8,35.2028,3.2000000476837163,1.5700000524520874,6497,F,8,4.12,1.7701089583174212,6150.0,1.09
554,K3V(e),66.737,8.215999603271483,6.929999828338622,4609,K,3,5.82,0.36982817978026616,4760.0,0.7155
556,F6V,89.0527,,7.585000038146973,0,F,6,3.86,2.2490546058357817,6400.0,1.16
557,F6V,21.2873,,4.734000205993652,6241,F,6,3.86,2.2490546058357817,6400.0,1.16
558,G3V,59.8555,,,5515,G,3,4.625,1.1117317272815914,5705.0,0.9595
559,A2/3III,61.0605,,5.458000183105469,0,A,2,1.64,17.378008287493763,9040.0,1.94
560,K1V,17.57,6.10099983215332,,5221,K,1,5.465,0.512861383991365,5065.0,0.7595000000000001
561,A5/6IV/V,69.682,,6.123000144958496,0,A,5,2.1149999999999998,11.220184543019641,8410.0,1.725
562,A0V,60.1413,,5.334000110626222,9970,A,0,1.24,25.11886431509581,9700.0,2.07
563,G5V,33.194,,5.829999923706055,0,G,5,4.805,0.9418895965228418,5575.0,0.906
564,G7V,33.4117,,5.980000019073486,0,G,7,4.995,0.7906786279998251,5440.0,0.854
565,G5V,46.3691,,6.4000000953674325,0,G,5,4.805,0.9418895965228418,5575.0,0.906
566,G3V,46.1749,,6.420000076293945,0,G,3,4.625,1.1117317272815914,5705.0,0.9595
567,G2V,51.0045,,6.939000129699707,6053,G,2,4.54,1.2022644346174132,5770.0,0.986
568,F5/6V,70.6859,,6.952000141143799,6395,F,5,3.7199999999999998,2.558585886905647,6545.0,1.1949999999999998
569,G3V,45.3478,,6.953999996185303,5646,G,3,4.625,1.1117317272815914,5705.0,0.9595
570,G5V,23.831,,5.324999809265137,5777,G,5,4.805,0.9418895965228418,5575.0,0.906
571,G7V,46.8489,7.881999969482423,7.026000022888184,5617,G,7,4.995,0.7906786279998251,5440.0,0.854
572,G9V,52.6684,7.89300012588501,6.698999881744385,4941,G,9,5.199999999999999,0.6546361740672755,5285.0,0.8049999999999999
573,K2V,31.9804,7.514999866485597,6.502999782562256,4786,K,2,5.62,0.4446312674691087,4930.0,0.738
574,G5V,32.9346,,6.321000099182129,5566,G,5,4.805,0.9418895965228418,5575.0,0.906
575,G5V,20.8062,,5.296999931335449,5445,G,5,4.805,0.9418895965228418,5575.0,0.906
577,F3/5IV,56.4025,6.730000019073486,6.252999782562256,6759,F,3,3.425,3.3573761424295476,6865.0,1.27
578,G1.5IV-V,26.3024,,5.38700008392334,5795,G,1,4.4350000000000005,1.3243415351946644,5860.0,1.013
579,G2IV,35.2327,,3.75,5634,G,2,4.54,1.2022644346174132,5770.0,0.986
580,G0V+,18.1281,5.300000190734863,4.599999904632568,5954,G,0,4.33,1.4588142602753487,5950.0,1.04
581,F5V,40.806,,5.686999797821045,6571,F,5,3.7199999999999998,2.558585886905647,6545.0,1.1949999999999998
582,G2V,15.5608,,4.306000232696533,5946,G,2,4.54,1.2022644346174132,5770.0,0.986
583,F6V,47.0393,,6.14900016784668,6457,F,6,3.86,2.2490546058357817,6400.0,1.16
584,A0Vs,66.832,,5.672999858856201,9419,A,0,1.24,25.11886431509581,9700.0,2.07
585,M2Ve,14.8604,8.10099983215332,6.085999965667725,3515,M,2,8.69,0.02630267991895383,3400.0,0.262
586,F6.5V,31.4227,,5.443999767303467,6250,F,6,3.86,2.2490546058357817,6400.0,1.16
587,K5V,3.6389,,2.3489999771118164,4649,K,5,6.23,0.2535128630497907,4425.0,0.6699999999999999
588,G2V,42.8229,,6.52899980545044,5922,G,2,4.54,1.2022644346174132,5770.0,0.986
589,B6V,,1.830000042915344,2.059999942779541,13201,B,6,-1.4,285.75905433749494,14450.0,4.04
590,A1.5IVn,37.3773,4.380000114440918,4.550000190734863,8907,A,1,1.44,20.892961308540407,9370.0,2.005
591,K0V,53.777,8.347999572753906,7.195000171661378,5370,K,0,5.31,0.5915616341754742,5200.0,0.781
592,K4Ve,65.0601,,7.6500000953674325,0,K,4,6.02,0.307609681474071,4590.0,0.693
593,A3/5V,43.9253,,5.138999938964844,7691,A,3,1.795,15.066070661867425,8830.0,1.865
594,A1Va,43.1593,4.25,4.269999980926514,9509,A,1,1.44,20.892961308540407,9370.0,2.005
595,F1V,53.5776,6.0999999046325675,5.6459999084472665,7031,F,1,3.1100000000000003,4.487453899331322,7230.0,1.355
596,A3V,70.1012,,6.067999839782715,0,A,3,1.795,15.066070661867425,8830.0,1.865
597,G3V,59.6278,,7.480999946594237,5807,G,3,4.625,1.1117317272815914,5705.0,0.9595
598,K7Ve,36.6615,8.862000465393066,7.123000144958496,4065,K,7,6.66,0.17060823890031235,4125.0,0.616
599,K0,49.7381,,7.204999923706055,0,K,0,5.31,0.5915616341754742,5200.0,0.781
600,M4IVe,20.8587,9.109000205993652,7.1500000953674325,3290,M,4,10.14,0.006918309709189363,3100.0,0.124
600,M4IVe,20.8587,9.109000205993652,7.1500000953674325,3290,M,4,10.14,0.006918309709189363,3100.0,0.124
601,G0V,32.3535,,5.867000102996826,6003,G,0,4.33,1.4588142602753487,5950.0,1.04
602,G0VCH-0.3,38.3724,,6.171999931335449,5999,G,0,4.33,1.4588142602753487,5950.0,1.04
603,F0IV-V,64.732,,5.867000102996826,7194,F,0,2.95,5.199959965335161,7420.0,1.4
604,K4Ve,7.6081,,3.803999900817871,4647,K,4,6.02,0.307609681474071,4590.0,0.693
605,A4V,,1.0900000333786009,1.0499999523162842,8399,A,4,1.95,13.061708881318419,8620.0,1.79
606,G5V,31.7795,6.75,6.037000179290772,5749,G,5,4.805,0.9418895965228418,5575.0,0.906
607,G1V,24.3169,5.947999954223633,5.23199987411499,5885,G,1,4.4350000000000005,1.3243415351946644,5860.0,1.013
608,F7V,56.4522,,6.617000102996826,6385,F,7,3.99,1.9952623149688797,6275.0,1.125
609,F0+VkA5mA5,41.2925,,5.28000020980835,7211,F,0,2.95,5.199959965335161,7420.0,1.4
610,G8V,48.0137,7.929999828338622,7.109000205993652,5611,G,8,5.09,0.7244359600749902,5370.0,0.829
611,F6V,20.4599,,4.605999946594238,6290,F,6,3.86,2.2490546058357817,6400.0,1.16
612,G5V,30.4546,,6.111999988555907,5603,G,5,4.805,0.9418895965228418,5575.0,0.906
613,A2VpSrCrSi,48.9201,4.900000095367432,4.96999979019165,10228,A,2,1.64,17.378008287493763,9040.0,1.94
614,G8IV,63.1979,8.479000091552733,7.5939998626708975,0,G,8,5.09,0.7244359600749902,5370.0,0.829
615,M2Ve,15.9564,8.598999977111816,6.607999801635742,3481,M,2,8.69,0.02630267991895383,3400.0,0.262
616,G1V,30.3128,,5.73799991607666,5911,G,1,4.4350000000000005,1.3243415351946644,5860.0,1.013
617,K0IV,60.4511,,7.504000186920166,0,K,0,5.31,0.5915616341754742,5200.0,0.781
618,M0Ve,27.3734,8.645999908447267,6.769999980926514,3797,M,0,7.55,0.07516228940182057,3700.0,0.454
619,K2V,34.0052,,6.818999767303468,5229,K,2,5.62,0.4446312674691087,4930.0,0.738
620,F0,65.4151,6.880000114440918,6.441999912261963,6896,F,0,2.95,5.199959965335161,7420.0,1.4
621,A0Vn,73.9486,,5.447999954223633,9572,A,0,1.24,25.11886431509581,9700.0,2.07
622,K3Ve,44.1493,,7.192999839782715,0,K,3,5.82,0.36982817978026616,4760.0,0.7155
624,A7V,31.5122,4.230000019073486,4.203999996185304,7798,A,7,2.445,8.279421637123345,8000.0,1.595
625,B9V,48.5835,,4.622000217437744,10860,B,9,0.57,46.55860935229591,10850.0,2.455
626,A7III/IV,67.11,,5.879000186920166,7834,A,7,2.445,8.279421637123345,8000.0,1.595
627,A0Vnp,,4.550000190734863,4.64300012588501,9863,A,0,1.24,25.11886431509581,9700.0,2.07
628,F6V,35.3895,6.369999885559082,5.787000179290772,6255,F,6,3.86,2.2490546058357817,6400.0,1.16
629,K2V,21.927,7.193999767303468,6.006999969482423,0,K,2,5.62,0.4446312674691087,4930.0,0.738
630,A1V,47.0754,,4.948999881744385,9057,A,1,1.44,20.892961308540407,9370.0,2.005
